,name,f1,tn,fn,fp,tp,tnr,fnr,fpr,tpr
0,BMRC,0.5800865800865801,21,72,25,67,0.22580645161290322,0.7741935483870968,0.2717391304347826,0.7282608695652174
1,BMY,0.5418719211822661,37,46,47,55,0.4457831325301205,0.5542168674698795,0.46078431372549017,0.5392156862745098
2,BLL,0.6642599277978339,0,93,0,92,0.0,1.0,0.0,1.0
3,BRN,0.27586206896551724,85,31,53,16,0.7327586206896551,0.2672413793103448,0.7681159420289855,0.2318840579710145
4,BRBS,0.08333333333333333,36,2,20,1,0.9473684210526315,0.05263157894736842,0.9523809523809523,0.047619047619047616
5,BQH,0.28571428571428575,73,21,69,18,0.776595744680851,0.22340425531914893,0.7931034482758621,0.20689655172413793
6,BPY,0.208,73,31,68,13,0.7019230769230769,0.2980769230769231,0.8395061728395061,0.16049382716049382
7,BURL,0.0,93,0,92,0,1.0,0.0,1.0,0.0
8,BSQR,0.0,111,0,74,0,1.0,0.0,1.0,0.0
9,BSGM,0.5877862595419848,0,108,0,77,0.0,1.0,0.0,1.0
10,BSMX,0.19354838709677416,73,28,72,12,0.7227722772277227,0.27722772277227725,0.8571428571428571,0.14285714285714285
11,BRID,0.19642857142857142,72,20,70,11,0.782608695652174,0.21739130434782608,0.8641975308641975,0.13580246913580246
12,BREW,0.0,107,0,78,0,1.0,0.0,1.0,0.0
13,BPYPO,0.5,16,10,6,8,0.6153846153846154,0.38461538461538464,0.42857142857142855,0.5714285714285714
14,BTZ,0.0,93,0,92,0,1.0,0.0,1.0,0.0
15,BSTC,0.4444444444444445,52,43,52,38,0.5473684210526316,0.45263157894736844,0.5777777777777777,0.4222222222222222
16,BRPAU,0.0,10,0,4,0,1.0,0.0,1.0,0.0
17,BZM,0.023529411764705882,94,2,81,1,0.9791666666666666,0.020833333333333332,0.9878048780487805,0.012195121951219513
18,CAL,0.4347826086956522,41,61,43,40,0.4019607843137255,0.5980392156862745,0.5180722891566265,0.4819277108433735
19,BXMT,0.7152777777777777,0,82,0,103,0.0,1.0,0.0,1.0
20,C,0.6545454545454547,0,95,0,90,0.0,1.0,0.0,1.0
21,BXS,0.5955555555555556,27,78,13,67,0.2571428571428571,0.7428571428571429,0.1625,0.8375
22,CAG,0.7017543859649124,0,85,0,100,0.0,1.0,0.0,1.0
23,BX,0.4293785310734463,46,38,63,38,0.5476190476190477,0.4523809523809524,0.6237623762376238,0.37623762376237624
24,BVN,0.6642599277978339,0,93,0,92,0.0,1.0,0.0,1.0
25,CAJ,0.0,94,0,91,0,1.0,0.0,1.0,0.0
26,BWFG,0.0,98,0,87,0,1.0,0.0,1.0,0.0
27,CARV,0.0,102,0,72,0,1.0,0.0,1.0,0.0
28,CARE,0.0,90,0,95,0,1.0,0.0,1.0,0.0
29,CBOE,0.6341463414634148,17,69,21,78,0.19767441860465115,0.8023255813953488,0.21212121212121213,0.7878787878787878
30,CBSH,0.5767441860465117,32,52,39,62,0.38095238095238093,0.6190476190476191,0.38613861386138615,0.6138613861386139
31,CANF,0.0,108,0,77,0,1.0,0.0,1.0,0.0
32,CBTX,0.30769230769230765,86,15,66,18,0.8514851485148515,0.1485148514851485,0.7857142857142857,0.21428571428571427
33,CAN,0.4,11,0,6,2,1.0,0.0,0.75,0.25
34,CANG,0.0,62,0,59,0,1.0,0.0,1.0,0.0
35,CAT,0.6545454545454547,0,95,0,90,0.0,1.0,0.0,1.0
36,CASS,0.49079754601226994,62,35,48,40,0.6391752577319587,0.36082474226804123,0.5454545454545454,0.45454545454545453
37,CCI,0.7152777777777777,0,82,0,103,0.0,1.0,0.0,1.0
38,CCB,0.0,78,0,60,0,1.0,0.0,1.0,0.0
39,CE,0.0,98,0,87,0,1.0,0.0,1.0,0.0
40,CDXC,0.452054794520548,72,29,51,33,0.7128712871287128,0.2871287128712871,0.6071428571428571,0.39285714285714285
41,CDR,0.3111111111111111,71,33,60,21,0.6826923076923077,0.3173076923076923,0.7407407407407407,0.25925925925925924
42,CCF,0.4074074074074074,56,39,57,33,0.5894736842105263,0.4105263157894737,0.6333333333333333,0.36666666666666664
43,CCX,0.0,90,0,72,0,1.0,0.0,1.0,0.0
44,CDXS,0.5544554455445544,39,57,33,56,0.40625,0.59375,0.3707865168539326,0.6292134831460674
45,CEE,0.6832740213523132,0,89,0,96,0.0,1.0,0.0,1.0
46,CEMI,0.3835616438356164,67,38,52,28,0.638095238095238,0.3619047619047619,0.65,0.35
47,CCOI,0.6063348416289593,31,55,32,67,0.36046511627906974,0.6395348837209303,0.32323232323232326,0.6767676767676768
48,CFMS,0.5221674876847291,35,72,25,53,0.32710280373831774,0.6728971962616822,0.32051282051282054,0.6794871794871795
49,CETXP,0.0,83,0,40,0,1.0,0.0,1.0,0.0
50,CEVA,0.3087248322147651,59,25,78,23,0.7023809523809523,0.2976190476190476,0.7722772277227723,0.22772277227722773
51,CETV,0.0,108,0,77,0,1.0,0.0,1.0,0.0
52,CHDN,0.7108013937282229,0,83,0,102,0.0,1.0,0.0,1.0
53,CHD,0.6832740213523132,0,89,0,96,0.0,1.0,0.0,1.0
54,CHNR,0.0,106,0,71,0,1.0,0.0,1.0,0.0
55,CL,0.5106382978723404,45,45,47,48,0.5,0.5,0.49473684210526314,0.5052631578947369
56,CINF,0.41176470588235287,50,41,59,35,0.5494505494505495,0.45054945054945056,0.6276595744680851,0.3723404255319149
57,CLB,0.6142322097378278,0,103,0,82,0.0,1.0,0.0,1.0
58,CHN,0.44025157232704404,61,20,69,35,0.7530864197530864,0.24691358024691357,0.6634615384615384,0.33653846153846156
59,CHY,0.6280991735537191,19,71,19,76,0.2111111111111111,0.7888888888888889,0.2,0.8
60,CHSCM,0.3428571428571428,69,22,70,24,0.7582417582417582,0.24175824175824176,0.7446808510638298,0.2553191489361702
61,CIB,0.6090225563909775,0,104,0,81,0.0,1.0,0.0,1.0
62,CLMT,0.0,100,0,85,0,1.0,0.0,1.0,0.0
63,CLPT,0.28571428571428575,6,1,4,1,0.8571428571428571,0.14285714285714285,0.8,0.2
64,CMCT,0.0,96,0,89,0,1.0,0.0,1.0,0.0
65,CMCSA,0.6106194690265487,28,61,27,69,0.3146067415730337,0.6853932584269663,0.28125,0.71875
66,CLH,0.6785714285714285,0,90,0,95,0.0,1.0,0.0,1.0
67,CMD,0.0,100,0,85,0,1.0,0.0,1.0,0.0
68,CNP,0.6832740213523132,0,89,0,96,0.0,1.0,0.0,1.0
69,CMSA,0.22857142857142856,67,18,63,12,0.788235294117647,0.21176470588235294,0.84,0.16
70,CNA,0.3246753246753246,56,32,72,25,0.6363636363636364,0.36363636363636365,0.7422680412371134,0.25773195876288657
71,CNST,0.6547619047619048,18,44,14,55,0.2903225806451613,0.7096774193548387,0.2028985507246377,0.7971014492753623
72,CNOB,0.0,92,0,93,0,1.0,0.0,1.0,0.0
73,CNFRL,0.10810810810810811,52,1,32,2,0.9811320754716981,0.018867924528301886,0.9411764705882353,0.058823529411764705
74,CNTY,0.25210084033613445,81,33,56,15,0.7105263157894737,0.2894736842105263,0.7887323943661971,0.2112676056338028
75,CMTL,0.6690647482014388,0,92,0,93,0.0,1.0,0.0,1.0
76,CPTA,0.4276729559748428,60,34,57,34,0.6382978723404256,0.3617021276595745,0.6263736263736264,0.37362637362637363
77,COWNZ,0.5953488372093023,28,62,25,64,0.3111111111111111,0.6888888888888889,0.2808988764044944,0.7191011235955056
78,COST,0.6879432624113475,0,88,0,97,0.0,1.0,0.0,1.0
79,CORE,0.3597122302158274,71,26,63,25,0.7319587628865979,0.26804123711340205,0.7159090909090909,0.2840909090909091
80,CPAH,0.5614035087719299,21,91,9,64,0.1875,0.8125,0.1232876712328767,0.8767123287671232
81,COP,0.6245353159851301,0,101,0,84,0.0,1.0,0.0,1.0
82,COUP,0.6879432624113475,0,88,0,97,0.0,1.0,0.0,1.0
83,CPG,0.0,106,0,79,0,1.0,0.0,1.0,0.0
84,COWNL,0.6298342541436465,15,48,19,57,0.23809523809523808,0.7619047619047619,0.25,0.75
85,CPE,0.5394190871369294,9,96,15,65,0.08571428571428572,0.9142857142857143,0.1875,0.8125
86,CSWI,0.6879432624113475,0,88,0,97,0.0,1.0,0.0,1.0
87,CSGP,0.482051282051282,37,60,41,47,0.38144329896907214,0.6185567010309279,0.4659090909090909,0.5340909090909091
88,CSL,0.5560975609756098,37,52,39,57,0.4157303370786517,0.5842696629213483,0.40625,0.59375
89,CRSP,0.6594202898550725,0,94,0,91,0.0,1.0,0.0,1.0
90,CSPI,0.2857142857142857,89,15,65,16,0.8557692307692307,0.14423076923076922,0.8024691358024691,0.19753086419753085
91,CRON,0.303030303030303,79,19,50,15,0.8061224489795918,0.19387755102040816,0.7692307692307693,0.23076923076923078
92,CSTM,0.4228571428571428,47,45,56,37,0.5108695652173914,0.4891304347826087,0.6021505376344086,0.3978494623655914
93,CRMD,0.0,103,0,82,0,1.0,0.0,1.0,0.0
94,CSWC,0.4216867469879518,54,38,58,35,0.5869565217391305,0.41304347826086957,0.6236559139784946,0.3763440860215054
95,CSU,0.5991902834008097,12,92,7,74,0.11538461538461539,0.8846153846153846,0.08641975308641975,0.9135802469135802
96,CSIQ,0.0,86,0,99,0,1.0,0.0,1.0,0.0
97,CRVS,0.0,108,0,77,0,1.0,0.0,1.0,0.0
98,CRC,0.41975308641975306,57,51,43,34,0.5277777777777778,0.4722222222222222,0.5584415584415584,0.44155844155844154
99,CSTR,0.6594202898550725,0,94,0,91,0.0,1.0,0.0,1.0
100,CRH,0.5306122448979591,41,42,50,52,0.4939759036144578,0.5060240963855421,0.49019607843137253,0.5098039215686274
101,CTB,0.0,99,0,86,0,1.0,0.0,1.0,0.0
102,CUBE,0.6499999999999999,23,67,17,78,0.25555555555555554,0.7444444444444445,0.17894736842105263,0.8210526315789474
103,CTSO (3),0.3157894736842105,57,32,72,24,0.6404494382022472,0.3595505617977528,0.75,0.25
104,CTSO (2),0.0,89,0,96,0,1.0,0.0,1.0,0.0
105,CULP,0.0,117,0,68,0,1.0,0.0,1.0,0.0
106,CUZ,0.10169491525423728,73,11,95,6,0.8690476190476191,0.13095238095238096,0.9405940594059405,0.0594059405940594
107,CTSO (1),0.0,89,0,96,0,1.0,0.0,1.0,0.0
108,CTIC,0.20183486238532108,87,22,65,11,0.7981651376146789,0.2018348623853211,0.8552631578947368,0.14473684210526316
109,CTSO,0.3157894736842105,57,32,72,24,0.6404494382022472,0.3595505617977528,0.75,0.25
110,CUE,0.0,76,0,100,0,1.0,0.0,1.0,0.0
111,CWCO,0.0,87,0,98,0,1.0,0.0,1.0,0.0
112,CVR,0.03278688524590164,108,2,57,1,0.9818181818181818,0.01818181818181818,0.9827586206896551,0.017241379310344827
113,CVX,0.0,99,0,86,0,1.0,0.0,1.0,0.0
114,CVEO,0.453125,86,31,39,29,0.7350427350427351,0.26495726495726496,0.5735294117647058,0.4264705882352941
115,CYCN,0.5063291139240507,17,21,18,20,0.4473684210526316,0.5526315789473685,0.47368421052631576,0.5263157894736842
116,CVNA,0.5,38,53,45,49,0.4175824175824176,0.5824175824175825,0.4787234042553192,0.5212765957446809
117,CYOU,0.0,99,0,86,0,1.0,0.0,1.0,0.0
118,CVU,0.3779527559055118,82,34,45,24,0.7068965517241379,0.29310344827586204,0.6521739130434783,0.34782608695652173
119,CYBR,0.48275862068965514,53,38,52,42,0.5824175824175825,0.4175824175824176,0.5531914893617021,0.44680851063829785
120,CWST,0.5,50,39,51,45,0.5617977528089888,0.43820224719101125,0.53125,0.46875
121,CVCY,0.27586206896551724,60,38,67,20,0.6122448979591837,0.3877551020408163,0.7701149425287356,0.22988505747126436
122,DAC,0.4581005586592179,47,48,49,41,0.49473684210526314,0.5052631578947369,0.5444444444444444,0.45555555555555555
123,DCO,0.6245353159851301,0,101,0,84,0.0,1.0,0.0,1.0
124,DEA,0.770764119601329,0,69,0,116,0.0,1.0,0.0,1.0
125,DBD,0.0,101,0,84,0,1.0,0.0,1.0,0.0
126,DD,0.2479338842975207,79,22,69,15,0.7821782178217822,0.21782178217821782,0.8214285714285714,0.17857142857142858
127,DCAR,0.0,116,0,69,0,1.0,0.0,1.0,0.0
128,DE,0.6351931330472103,26,63,22,74,0.29213483146067415,0.7078651685393258,0.22916666666666666,0.7708333333333334
129,DEX,0.6116504854368932,42,47,33,63,0.47191011235955055,0.5280898876404494,0.34375,0.65625
130,DDOG,0.1739130434782609,13,6,13,2,0.6842105263157895,0.3157894736842105,0.8666666666666667,0.13333333333333333
131,DEI,0.6057692307692307,40,49,33,63,0.449438202247191,0.550561797752809,0.34375,0.65625
132,DHR,0.3896103896103896,61,22,72,30,0.7349397590361446,0.26506024096385544,0.7058823529411765,0.29411764705882354
133,DIS,0.5576923076923077,35,59,33,58,0.3723404255319149,0.6276595744680851,0.3626373626373626,0.6373626373626373
134,DHCNI,0.5268817204301075,48,52,36,49,0.48,0.52,0.4235294117647059,0.5764705882352941
135,DLX,0.2644628099173554,80,16,73,16,0.8333333333333334,0.16666666666666666,0.8202247191011236,0.1797752808988764
136,DLR,0.6925795053003534,0,87,0,98,0.0,1.0,0.0,1.0
137,DIT,0.1492537313432836,66,24,33,5,0.7333333333333333,0.26666666666666666,0.868421052631579,0.13157894736842105
138,DIOD,0.6,45,34,46,60,0.569620253164557,0.43037974683544306,0.4339622641509434,0.5660377358490566
139,DTF,0.6042553191489362,21,81,12,71,0.20588235294117646,0.7941176470588235,0.14457831325301204,0.8554216867469879
140,DRUA,0.0,94,0,91,0,1.0,0.0,1.0,0.0
141,DNP,0.2875816993464052,54,39,70,22,0.5806451612903226,0.41935483870967744,0.7608695652173914,0.2391304347826087
142,DOV,0.6785714285714285,0,90,0,95,0.0,1.0,0.0,1.0
143,DOOO,0.48120300751879697,36,29,40,32,0.5538461538461539,0.4461538461538462,0.5555555555555556,0.4444444444444444
144,DTE,0.5865384615384616,38,50,36,61,0.4318181818181818,0.5681818181818182,0.3711340206185567,0.6288659793814433
145,DSGX,0.6925795053003534,0,87,0,98,0.0,1.0,0.0,1.0
146,DNK,0.0,7,0,7,0,1.0,0.0,1.0,0.0
147,DNKN,0.33333333333333337,80,23,61,21,0.7766990291262136,0.22330097087378642,0.7439024390243902,0.25609756097560976
148,DUK,0.6026200873362444,25,55,36,69,0.3125,0.6875,0.34285714285714286,0.6571428571428571
149,DTYL,0.7727272727272727,1,10,0,17,0.09090909090909091,0.9090909090909091,0.0,1.0
150,EBTC,0.0,87,0,98,0,1.0,0.0,1.0,0.0
151,DXYN,0.02531645569620253,107,0,77,1,1.0,0.0,0.9871794871794872,0.01282051282051282
152,DZSI,0.5592417061611374,33,73,20,59,0.3113207547169811,0.6886792452830188,0.25316455696202533,0.7468354430379747
153,DXLG,0.0,121,0,64,0,1.0,0.0,1.0,0.0
154,EBSB,0.6296296296296297,0,100,0,85,0.0,1.0,0.0,1.0
155,EBF,0.0,93,0,92,0,1.0,0.0,1.0,0.0
156,DVAX,0.47953216374269,55,46,43,41,0.5445544554455446,0.45544554455445546,0.5119047619047619,0.4880952380952381
157,DXF,0.0,90,0,60,0,1.0,0.0,1.0,0.0
158,EBMT,0.5444444444444444,54,46,36,49,0.54,0.46,0.4235294117647059,0.5764705882352941
159,DXC,0.4050632911392405,59,39,55,32,0.6020408163265306,0.3979591836734694,0.632183908045977,0.367816091954023
160,EEA,0.0,99,0,86,0,1.0,0.0,1.0,0.0
161,EDI,0.0,97,0,88,0,1.0,0.0,1.0,0.0
162,EGOV,0.6545454545454547,0,95,0,90,0.0,1.0,0.0,1.0
163,EGBN,0.514851485148515,35,55,43,52,0.3888888888888889,0.6111111111111112,0.45263157894736844,0.5473684210526316
164,ECF,0.5476190476190478,63,33,43,46,0.65625,0.34375,0.48314606741573035,0.5168539325842697
165,EFT,0.45962732919254656,61,29,58,37,0.6777777777777778,0.32222222222222224,0.6105263157894737,0.3894736842105263
166,EGIF,0.0,88,0,97,0,1.0,0.0,1.0,0.0
167,ED,0.7108013937282229,0,83,0,102,0.0,1.0,0.0,1.0
168,EFL,0.6785714285714285,0,90,0,95,0.0,1.0,0.0,1.0
169,EIC,0.38983050847457634,54,35,37,23,0.6067415730337079,0.39325842696629215,0.6166666666666667,0.38333333333333336
170,EGP,0.7241379310344828,0,80,0,105,0.0,1.0,0.0,1.0
171,EMR,0.6181818181818183,33,53,31,68,0.38372093023255816,0.6162790697674418,0.31313131313131315,0.6868686868686869
172,ENS,0.7017543859649124,0,85,0,100,0.0,1.0,0.0,1.0
173,ELGX,0.40229885057471254,46,71,33,35,0.39316239316239315,0.6068376068376068,0.4852941176470588,0.5147058823529411
174,EMP,0.3111111111111111,29,9,22,7,0.7631578947368421,0.23684210526315788,0.7586206896551724,0.2413793103448276
175,ENSG,0.3478260869565218,52,30,75,28,0.6341463414634146,0.36585365853658536,0.7281553398058253,0.27184466019417475
176,ENVA,0.391304347826087,74,27,57,27,0.7326732673267327,0.26732673267326734,0.6785714285714286,0.32142857142857145
177,ENOB,0.5696969696969697,45,45,26,47,0.5,0.5,0.3561643835616438,0.6438356164383562
178,EME,0.3376623376623376,57,35,67,26,0.6195652173913043,0.3804347826086957,0.7204301075268817,0.27956989247311825
179,ENZ,0.6037735849056604,0,105,0,80,0.0,1.0,0.0,1.0
180,ENIC,0.5151515151515151,38,62,34,51,0.38,0.62,0.4,0.6
181,EPAM,0.6971830985915494,0,86,0,99,0.0,1.0,0.0,1.0
182,ESS,0.0,88,0,97,0,1.0,0.0,1.0,0.0
183,EQT,0.4588235294117647,54,50,42,39,0.5192307692307693,0.4807692307692308,0.5185185185185185,0.48148148148148145
184,EQBK,0.6925795053003534,0,87,0,98,0.0,1.0,0.0,1.0
185,EOT,0.37583892617449666,64,21,72,28,0.7529411764705882,0.24705882352941178,0.72,0.28
186,EPR,0.583732057416268,37,63,24,61,0.37,0.63,0.2823529411764706,0.7176470588235294
187,ESLT,0.0,98,0,87,0,1.0,0.0,1.0,0.0
188,EPAC,0.3661971830985915,20,25,20,13,0.4444444444444444,0.5555555555555556,0.6060606060606061,0.3939393939393939
189,EROS,0.14814814814814814,85,14,78,8,0.8585858585858586,0.1414141414141414,0.9069767441860465,0.09302325581395349
190,ETSY,0.5396825396825395,47,49,38,51,0.4895833333333333,0.5104166666666666,0.42696629213483145,0.5730337078651685
191,EVH,0.6925795053003534,0,87,0,98,0.0,1.0,0.0,1.0
192,EVF,0.0,108,0,77,0,1.0,0.0,1.0,0.0
193,ETRN,0.32911392405063294,41,22,31,13,0.6507936507936508,0.3492063492063492,0.7045454545454546,0.29545454545454547
194,EVFM,0.6027397260273971,32,63,24,66,0.3368421052631579,0.6631578947368421,0.26666666666666666,0.7333333333333333
195,ETTX,0.0,61,2,52,0,0.9682539682539683,0.031746031746031744,1.0,0.0
196,ETN,0.6591760299625469,6,84,7,88,0.06666666666666667,0.9333333333333333,0.07368421052631578,0.9263157894736842
197,EVRI,0.5756097560975609,39,58,29,59,0.4020618556701031,0.5979381443298969,0.32954545454545453,0.6704545454545454
198,EVRG,0.47567567567567565,44,37,60,44,0.5432098765432098,0.4567901234567901,0.5769230769230769,0.4230769230769231
199,FARM,0.0,108,0,77,0,1.0,0.0,1.0,0.0
200,EXPD,0.4050632911392405,59,32,62,32,0.6483516483516484,0.3516483516483517,0.6595744680851063,0.3404255319148936
201,EXEL,0.6063348416289592,31,65,22,67,0.3229166666666667,0.6770833333333334,0.24719101123595505,0.7528089887640449
202,EXG,0.34722222222222215,66,26,68,25,0.717391304347826,0.2826086956521739,0.7311827956989247,0.26881720430107525
203,EYEN,0.0,95,0,76,0,1.0,0.0,1.0,0.0
204,FANH,0.31999999999999995,80,21,64,20,0.7920792079207921,0.2079207920792079,0.7619047619047619,0.23809523809523808
205,EYPT,0.5583756345177665,43,55,32,55,0.4387755102040816,0.5612244897959183,0.367816091954023,0.632183908045977
206,FB,0.0,87,0,98,0,1.0,0.0,1.0,0.0
207,EYES,0.4666666666666666,70,41,39,35,0.6306306306306306,0.36936936936936937,0.527027027027027,0.47297297297297297
208,F,0.5699481865284974,47,62,21,55,0.43119266055045874,0.5688073394495413,0.27631578947368424,0.7236842105263158
209,FCN,0.6557377049180328,21,56,28,80,0.2727272727272727,0.7272727272727273,0.25925925925925924,0.7407407407407407
210,EXK,0.0,99,0,86,0,1.0,0.0,1.0,0.0
211,EZT,0.3142857142857143,65,23,73,22,0.7386363636363636,0.26136363636363635,0.7684210526315789,0.23157894736842105
212,EXPR,0.6094420600858369,23,76,15,71,0.23232323232323232,0.7676767676767676,0.1744186046511628,0.8255813953488372
213,FFNW,0.3114754098360656,82,13,71,19,0.8631578947368421,0.1368421052631579,0.7888888888888889,0.2111111111111111
214,FHB,0.6554621848739496,25,68,14,78,0.26881720430107525,0.7311827956989247,0.15217391304347827,0.8478260869565217
215,FINV,0.3170731707317073,47,65,47,26,0.41964285714285715,0.5803571428571429,0.6438356164383562,0.3561643835616438
216,FFIN,0.6568265682656826,3,89,4,89,0.03260869565217391,0.967391304347826,0.043010752688172046,0.956989247311828
217,FF,0.3142857142857143,67,33,63,22,0.67,0.33,0.7411764705882353,0.25882352941176473
218,FDUSG,0.0,16,0,11,0,1.0,0.0,1.0,0.0
219,FFA,0.6390041493775934,21,65,22,77,0.2441860465116279,0.7558139534883721,0.2222222222222222,0.7777777777777778
220,FHN,0.4161849710982659,48,53,48,36,0.4752475247524752,0.5247524752475248,0.5714285714285714,0.42857142857142855
221,FITB,0.6068376068376069,22,69,23,71,0.24175824175824176,0.7582417582417582,0.24468085106382978,0.7553191489361702
222,FISI,0.2962962962962963,70,25,70,20,0.7368421052631579,0.2631578947368421,0.7777777777777778,0.2222222222222222
223,FIT,0.4,57,45,51,32,0.5588235294117647,0.4411764705882353,0.6144578313253012,0.3855421686746988
224,FG,0.6496350364963505,0,96,0,89,0.0,1.0,0.0,1.0
225,FFG,0.4727272727272728,59,34,53,39,0.6344086021505376,0.3655913978494624,0.5760869565217391,0.42391304347826086
226,FFC,0.7328767123287672,0,78,0,107,0.0,1.0,0.0,1.0
227,FMBI,0.5025125628140703,36,66,33,50,0.35294117647058826,0.6470588235294118,0.39759036144578314,0.6024096385542169
228,FMCI,0.38095238095238093,39,13,13,8,0.75,0.25,0.6190476190476191,0.38095238095238093
229,FMY,0.0,100,0,85,0,1.0,0.0,1.0,0.0
230,FNF,0.6690647482014388,0,92,0,93,0.0,1.0,0.0,1.0
231,FIV,0.2479338842975207,79,22,69,15,0.7821782178217822,0.21782178217821782,0.8214285714285714,0.17857142857142858
232,FITBP,0.39999999999999997,20,2,19,7,0.9090909090909091,0.09090909090909091,0.7307692307692307,0.2692307692307692
233,FMC,0.6879432624113475,0,88,0,97,0.0,1.0,0.0,1.0
234,FLO,0.5497630331753555,32,65,30,58,0.32989690721649484,0.6701030927835051,0.3409090909090909,0.6590909090909091
235,FL,0.6785714285714285,0,90,0,95,0.0,1.0,0.0,1.0
236,FRPH,0.0,99,0,86,0,1.0,0.0,1.0,0.0
237,FNKO,0.0,97,1,87,0,0.9897959183673469,0.01020408163265306,1.0,0.0
238,FORR,0.5656565656565657,43,50,36,56,0.46236559139784944,0.5376344086021505,0.391304347826087,0.6086956521739131
239,FRA,0.0,92,0,93,0,1.0,0.0,1.0,0.0
240,FSM,0.5991902834008097,12,83,16,74,0.12631578947368421,0.8736842105263158,0.17777777777777778,0.8222222222222222
241,FORM,0.62882096069869,28,58,27,72,0.32558139534883723,0.6744186046511628,0.2727272727272727,0.7272727272727273
242,FNGO,0.44660194174757284,32,11,46,23,0.7441860465116279,0.2558139534883721,0.6666666666666666,0.3333333333333333
243,FORD,0.6194029850746269,0,102,0,83,0.0,1.0,0.0,1.0
244,FRO,0.6446886446886447,0,97,0,88,0.0,1.0,0.0,1.0
245,FUL,0.6642599277978339,0,93,0,92,0.0,1.0,0.0,1.0
246,FWP,0.5823754789272031,0,109,0,76,0.0,1.0,0.0,1.0
247,GAIA,0.5333333333333334,42,58,33,52,0.42,0.58,0.38823529411764707,0.611764705882353
248,FTDR,0.5874125874125875,17,43,16,42,0.2833333333333333,0.7166666666666667,0.27586206896551724,0.7241379310344828
249,GATX,0.5645933014354065,35,57,34,59,0.3804347826086957,0.6195652173913043,0.3655913978494624,0.6344086021505376
250,FTEK,0.0,119,0,66,0,1.0,0.0,1.0,0.0
251,FTSI,0.43209876543209874,42,68,24,35,0.38181818181818183,0.6181818181818182,0.4067796610169492,0.5932203389830508
252,GBLI,0.0,89,0,96,0,1.0,0.0,1.0,0.0
253,GAINL,0.0,70,0,53,0,1.0,0.0,1.0,0.0
254,FVCB,0.6297872340425532,0,87,0,74,0.0,1.0,0.0,1.0
255,GBX,0.2978723404255319,65,37,62,21,0.6372549019607843,0.3627450980392157,0.7469879518072289,0.25301204819277107
256,FUV,0.5074626865671642,35,65,34,51,0.35,0.65,0.4,0.6
257,FVRR,0.6976744186046512,0,26,0,30,0.0,1.0,0.0,1.0
258,FUNC,0.0,98,0,87,0,1.0,0.0,1.0,0.0
259,FUND,0.3916083916083916,70,25,62,28,0.7368421052631579,0.2631578947368421,0.6888888888888889,0.3111111111111111
260,GBT,0.4320987654320988,58,35,57,35,0.6236559139784946,0.3763440860215054,0.6195652173913043,0.3804347826086957
261,FULT,0.625,31,63,21,70,0.32978723404255317,0.6702127659574468,0.23076923076923078,0.7692307692307693
262,GBCI,0.6832740213523132,0,89,0,96,0.0,1.0,0.0,1.0
263,GEF,0.6690647482014388,0,92,0,93,0.0,1.0,0.0,1.0
264,GGG,0.6925795053003534,0,87,0,98,0.0,1.0,0.0,1.0
265,GEO,0.5507246376811593,35,65,28,57,0.35,0.65,0.32941176470588235,0.6705882352941176
266,GFN,0.4258064516129032,63,31,58,33,0.6702127659574468,0.32978723404255317,0.6373626373626373,0.3626373626373626
267,GHC,0.6165413533834586,1,102,0,82,0.009708737864077669,0.9902912621359223,0.0,1.0
268,GEN,0.2782608695652174,86,14,69,16,0.86,0.14,0.8117647058823529,0.18823529411764706
269,GFF,0.5853658536585366,40,58,27,60,0.40816326530612246,0.5918367346938775,0.3103448275862069,0.6896551724137931
270,GE,0.0,100,0,85,0,1.0,0.0,1.0,0.0
271,GFNCP,0.05263157894736842,81,3,69,2,0.9642857142857143,0.03571428571428571,0.971830985915493,0.028169014084507043
272,GFI,0.37419354838709673,59,35,62,29,0.6276595744680851,0.3723404255319149,0.6813186813186813,0.31868131868131866
273,GJO,0.1,40,3,15,1,0.9302325581395349,0.06976744186046512,0.9375,0.0625
274,GLRE,0.0,108,0,77,0,1.0,0.0,1.0,0.0
275,GLYC,0.5221238938053098,18,81,27,59,0.18181818181818182,0.8181818181818182,0.313953488372093,0.686046511627907
276,GIB,0.0,84,0,101,0,1.0,0.0,1.0,0.0
277,GILD,0.6738351254480287,0,91,0,94,0.0,1.0,0.0,1.0
278,GMDA,0.45833333333333337,34,21,31,22,0.6181818181818182,0.38181818181818183,0.5849056603773585,0.41509433962264153
279,GL,0.7108013937282229,0,83,0,102,0.0,1.0,0.0,1.0
280,GIFI,0.0,110,0,75,0,1.0,0.0,1.0,0.0
281,GIS,0.6832740213523132,0,89,0,96,0.0,1.0,0.0,1.0
282,GM,0.0,99,0,86,0,1.0,0.0,1.0,0.0
283,GHSI,0.10810810810810811,37,1,32,2,0.9736842105263158,0.02631578947368421,0.9411764705882353,0.058823529411764705
284,GLDI,0.5909090909090909,30,53,37,65,0.3614457831325301,0.6385542168674698,0.3627450980392157,0.6372549019607843
285,GIGM,0.0,108,0,77,0,1.0,0.0,1.0,0.0
286,GLOB,0.378698224852071,48,38,67,32,0.5581395348837209,0.4418604651162791,0.6767676767676768,0.32323232323232326
287,GNCA,0.0,113,0,72,0,1.0,0.0,1.0,0.0
288,GPN,0.7328767123287672,0,78,0,107,0.0,1.0,0.0,1.0
289,GPJA,0.5546218487394957,14,38,15,33,0.2692307692307692,0.7307692307692307,0.3125,0.6875
290,GRNV,0.0,1,2,0,0,0.3333333333333333,0.6666666666666666,0.0,0.0
291,GPAQ,0.419753086419753,5,43,4,17,0.10416666666666667,0.8958333333333334,0.19047619047619047,0.8095238095238095
292,GPS,0.4260355029585799,52,50,47,36,0.5098039215686274,0.49019607843137253,0.5662650602409639,0.43373493975903615
293,GOGO,0.3870967741935484,60,46,49,30,0.5660377358490566,0.4339622641509434,0.620253164556962,0.379746835443038
294,GNAF,0.15384615384615383,66,4,29,3,0.9428571428571428,0.05714285714285714,0.90625,0.09375
295,GRU,0.393939393939394,69,43,37,26,0.6160714285714286,0.38392857142857145,0.5873015873015873,0.4126984126984127
296,GPK,0.7152777777777777,0,82,0,103,0.0,1.0,0.0,1.0
297,GPX,0.0,95,0,90,0,1.0,0.0,1.0,0.0
298,GRC,0.6642599277978339,0,93,0,92,0.0,1.0,0.0,1.0
299,GOOG,0.6493506493506493,29,56,25,75,0.3411764705882353,0.6588235294117647,0.25,0.75
300,GNFT,0.0,37,0,37,0,1.0,0.0,1.0,0.0
301,HA,0.302158273381295,67,32,65,21,0.6767676767676768,0.32323232323232326,0.7558139534883721,0.2441860465116279
302,GSIT,0.0,103,0,82,0,1.0,0.0,1.0,0.0
303,HALO,0.4469273743016759,46,51,48,40,0.4742268041237113,0.5257731958762887,0.5454545454545454,0.45454545454545453
304,HAL,0.4295302013422819,59,39,46,32,0.6020408163265306,0.3979591836734694,0.5897435897435898,0.41025641025641024
305,GTYH,0.0,96,0,68,0,1.0,0.0,1.0,0.0
306,GYC,0.09411764705882353,72,11,66,4,0.8674698795180723,0.13253012048192772,0.9428571428571428,0.05714285714285714
307,GTY,0.6098654708520179,30,55,32,68,0.35294117647058826,0.6470588235294118,0.32,0.68
308,GT,0.6030150753768845,46,56,23,60,0.45098039215686275,0.5490196078431373,0.27710843373493976,0.7228915662650602
309,GTX,0.3555555555555555,43,31,27,16,0.581081081081081,0.4189189189189189,0.627906976744186,0.37209302325581395
310,HBMD,0.4217687074829932,69,25,60,31,0.7340425531914894,0.26595744680851063,0.6593406593406593,0.34065934065934067
311,HBT,0.0,18,0,11,0,1.0,0.0,1.0,0.0
312,HEI,0.45901639344262296,44,48,51,42,0.4782608695652174,0.5217391304347826,0.5483870967741935,0.45161290322580644
313,HARP,0.0,51,0,34,0,1.0,0.0,1.0,0.0
314,HIBB,0.5357142857142857,21,72,32,60,0.22580645161290322,0.7741935483870968,0.34782608695652173,0.6521739130434783
315,HCC,0.5454545454545455,41,51,39,54,0.44565217391304346,0.5543478260869565,0.41935483870967744,0.5806451612903226
316,HBANN,0.31496062992125984,78,17,70,20,0.8210526315789474,0.17894736842105263,0.7777777777777778,0.2222222222222222
317,HELE,0.0,84,0,101,0,1.0,0.0,1.0,0.0
318,HFBL,0.0,70,0,25,0,1.0,0.0,1.0,0.0
319,HBAN,0.6594202898550725,0,94,0,91,0.0,1.0,0.0,1.0
320,HCM,0.6244725738396625,22,66,23,74,0.25,0.75,0.23711340206185566,0.7628865979381443
321,HOG,0.5789473684210527,23,71,25,66,0.24468085106382978,0.7553191489361702,0.27472527472527475,0.7252747252747253
322,HNI,0.4659090909090909,50,38,56,41,0.5681818181818182,0.4318181818181818,0.5773195876288659,0.422680412371134
323,HLIT,0.4385026737967914,39,66,39,41,0.37142857142857144,0.6285714285714286,0.4875,0.5125
324,HON,0.6594202898550725,0,94,0,91,0.0,1.0,0.0,1.0
325,HIMX,0.5925925925925924,14,80,19,72,0.14893617021276595,0.851063829787234,0.2087912087912088,0.7912087912087912
326,HMI,0.5,38,50,42,46,0.4318181818181818,0.5681818181818182,0.4772727272727273,0.5227272727272727
327,HNW,0.39189189189189183,66,26,64,29,0.717391304347826,0.2826086956521739,0.6881720430107527,0.3118279569892473
328,HST,0.532608695652174,50,43,43,49,0.5376344086021505,0.46236559139784944,0.4673913043478261,0.532608695652174
329,HQY,0.0,91,0,94,0,1.0,0.0,1.0,0.0
330,HRB,0.5257731958762886,42,61,31,51,0.4077669902912621,0.5922330097087378,0.3780487804878049,0.6219512195121951
331,HTFA,0.3191489361702127,89,16,48,15,0.8476190476190476,0.1523809523809524,0.7619047619047619,0.23809523809523808
332,HP,0.508670520231214,56,42,43,44,0.5714285714285714,0.42857142857142855,0.4942528735632184,0.5057471264367817
333,HPQ,0.4891304347826087,46,46,48,45,0.5,0.5,0.5161290322580645,0.4838709677419355
334,HRC,0.6396396396396397,34,53,27,71,0.39080459770114945,0.6091954022988506,0.2755102040816326,0.7244897959183674
335,HOV,0.0,92,0,93,0,1.0,0.0,1.0,0.0
336,HPI,0.6925795053003534,0,87,0,98,0.0,1.0,0.0,1.0
337,HRZN,0.5592417061611374,33,60,33,59,0.3548387096774194,0.6451612903225806,0.358695652173913,0.6413043478260869
338,HTBX,0.23157894736842105,101,26,47,11,0.7952755905511811,0.2047244094488189,0.8103448275862069,0.1896551724137931
339,HRL,0.6518518518518518,3,86,8,88,0.033707865168539325,0.9662921348314607,0.08333333333333333,0.9166666666666666
340,HQL,0.0,93,0,92,0,1.0,0.0,1.0,0.0
341,HROW,0.0,108,0,77,0,1.0,0.0,1.0,0.0
342,HSKA,0.44970414201183434,54,37,56,38,0.5934065934065934,0.4065934065934066,0.5957446808510638,0.40425531914893614
343,HOVNP,0.0,91,0,57,0,1.0,0.0,1.0,0.0
344,HWBK,0.5054945054945054,43,61,29,46,0.41346153846153844,0.5865384615384616,0.38666666666666666,0.6133333333333333
345,HUYA,0.6605504587155963,0,74,0,72,0.0,1.0,0.0,1.0
346,IBM,0.35294117647058826,59,31,68,27,0.6555555555555556,0.34444444444444444,0.7157894736842105,0.28421052631578947
347,HTH,0.4823529411764706,56,41,47,41,0.5773195876288659,0.422680412371134,0.5340909090909091,0.4659090909090909
348,IBKCP,0.4816753926701571,40,62,37,46,0.39215686274509803,0.6078431372549019,0.4457831325301205,0.5542168674698795
349,HUSA,0.0,133,0,41,0,1.0,0.0,1.0,0.0
350,HYI,0.6879432624113475,0,88,0,97,0.0,1.0,0.0,1.0
351,HZO,0.48484848484848486,35,54,48,48,0.39325842696629215,0.6067415730337079,0.5,0.5
352,HTLD,0.5775862068965517,20,75,23,67,0.21052631578947367,0.7894736842105263,0.25555555555555554,0.7444444444444445
353,IBKC,0.5168539325842697,53,43,43,46,0.5520833333333334,0.4479166666666667,0.48314606741573035,0.5168539325842697
354,IBCP,0.586046511627907,33,64,25,63,0.3402061855670103,0.6597938144329897,0.2840909090909091,0.7159090909090909
355,ICON,0.0,92,0,93,0,1.0,0.0,1.0,0.0
356,IFF,0.0,89,0,96,0,1.0,0.0,1.0,0.0
357,IDXG,0.44444444444444436,66,44,41,34,0.6,0.4,0.5466666666666666,0.4533333333333333
358,ICLR,0.0,86,0,99,0,1.0,0.0,1.0,0.0
359,IGD,0.576923076923077,37,56,32,60,0.3978494623655914,0.6021505376344086,0.34782608695652173,0.6521739130434783
360,IFMK,0.4675324675324675,67,34,48,36,0.6633663366336634,0.33663366336633666,0.5714285714285714,0.42857142857142855
361,IGMS,0.7169811320754718,0,15,0,19,0.0,1.0,0.0,1.0
362,IHTA,0.0,92,0,91,0,1.0,0.0,1.0,0.0
363,ILMN,0.47252747252747257,46,39,57,43,0.5411764705882353,0.4588235294117647,0.57,0.43
364,INSU,0.0,1,0,3,0,1.0,0.0,1.0,0.0
365,IIM,0.0,84,0,101,0,1.0,0.0,1.0,0.0
366,ING,0.3673469387755102,65,32,61,27,0.6701030927835051,0.32989690721649484,0.6931818181818182,0.3068181818181818
367,INFY,0.6545454545454547,0,95,0,90,0.0,1.0,0.0,1.0
368,IMGN,0.5636363636363637,27,74,22,62,0.26732673267326734,0.7326732673267327,0.2619047619047619,0.7380952380952381
369,INOD,0.0,115,0,70,0,1.0,0.0,1.0,0.0
370,IIN,0.0,93,0,92,0,1.0,0.0,1.0,0.0
371,INTC,0.631578947368421,29,64,20,72,0.3118279569892473,0.6881720430107527,0.21739130434782608,0.782608695652174
372,ILPT,0.39189189189189194,54,29,61,29,0.6506024096385542,0.3493975903614458,0.6777777777777778,0.32222222222222224
373,ISIG,0.07894736842105264,112,10,60,3,0.9180327868852459,0.08196721311475409,0.9523809523809523,0.047619047619047616
374,ISRG,0.7241379310344828,0,80,0,105,0.0,1.0,0.0,1.0
375,IRL,0.4,69,23,64,29,0.75,0.25,0.6881720430107527,0.3118279569892473
376,IPHI,0.7062937062937062,0,84,0,101,0.0,1.0,0.0,1.0
377,IRT,0.6844444444444444,37,45,26,77,0.45121951219512196,0.5487804878048781,0.2524271844660194,0.7475728155339806
378,IQI,0.0,88,0,97,0,1.0,0.0,1.0,0.0
379,ISSC,0.4539877300613497,59,37,52,37,0.6145833333333334,0.3854166666666667,0.5842696629213483,0.4157303370786517
380,IRBT,0.6346863468634686,0,99,0,86,0.0,1.0,0.0,1.0
381,IONS,0.0,95,0,90,0,1.0,0.0,1.0,0.0
382,IP,0.0,91,0,94,0,1.0,0.0,1.0,0.0
383,IR,0.381578947368421,62,29,65,29,0.6813186813186813,0.31868131868131866,0.6914893617021277,0.30851063829787234
384,INVE,0.0,93,1,91,0,0.9893617021276596,0.010638297872340425,1.0,0.0
385,IOSP,0.441988950276243,44,51,50,40,0.4631578947368421,0.5368421052631579,0.5555555555555556,0.4444444444444444
386,ISBC,0.0,96,0,89,0,1.0,0.0,1.0,0.0
387,JBT,0.6397058823529411,0,98,0,87,0.0,1.0,0.0,1.0
388,ITRN,0.46236559139784944,42,60,40,43,0.4117647058823529,0.5882352941176471,0.4819277108433735,0.5180722891566265
389,JCO,0.358974358974359,57,44,56,28,0.5643564356435643,0.43564356435643564,0.6666666666666666,0.3333333333333333
390,IX,0.3150684931506849,62,26,74,23,0.7045454545454546,0.29545454545454547,0.7628865979381443,0.23711340206185566
391,JACK,0.6690647482014388,0,92,0,93,0.0,1.0,0.0,1.0
392,JBR,0.03225806451612903,102,0,60,1,1.0,0.0,0.9836065573770492,0.01639344262295082
393,ITT,0.5482233502538071,42,53,36,54,0.4421052631578947,0.5578947368421052,0.4,0.6
394,JOUT,0.0,100,0,85,0,1.0,0.0,1.0,0.0
395,JMPNZ,0.25,2,3,3,1,0.4,0.6,0.75,0.25
396,JFIN,0.6593406593406593,3,30,1,30,0.09090909090909091,0.9090909090909091,0.03225806451612903,0.967741935483871
397,JJM,0.0,79,0,51,0,1.0,0.0,1.0,0.0
398,JJP,0.2222222222222222,58,12,51,9,0.8285714285714286,0.17142857142857143,0.85,0.15
399,JHI,0.4311377245508982,54,42,53,36,0.5625,0.4375,0.5955056179775281,0.4044943820224719
400,JRJC,0.02531645569620253,107,0,77,1,1.0,0.0,0.9871794871794872,0.01282051282051282
401,JEF,0.29411764705882354,69,28,68,20,0.711340206185567,0.28865979381443296,0.7727272727272727,0.22727272727272727
402,JNJ,0.5673076923076923,36,55,35,59,0.3956043956043956,0.6043956043956044,0.3723404255319149,0.6276595744680851
403,KBLM,0.0,42,0,14,0,1.0,0.0,1.0,0.0
404,KFRC,0.6496350364963505,0,96,0,89,0.0,1.0,0.0,1.0
405,KBAL,0.5757575757575758,44,51,33,57,0.4631578947368421,0.5368421052631579,0.36666666666666664,0.6333333333333333
406,KEYS,0.6642599277978339,0,93,0,92,0.0,1.0,0.0,1.0
407,KE,0.0,100,0,85,0,1.0,0.0,1.0,0.0
408,KFS,0.0,115,0,70,0,1.0,0.0,1.0,0.0
409,KAMN,0.6594202898550725,0,94,0,91,0.0,1.0,0.0,1.0
410,KIRK,0.5252525252525252,39,68,26,52,0.3644859813084112,0.6355140186915887,0.3333333333333333,0.6666666666666666
411,KEY,0.6406926406926406,28,62,21,74,0.3111111111111111,0.6888888888888889,0.22105263157894736,0.7789473684210526
412,KEQU,0.0,117,0,68,0,1.0,0.0,1.0,0.0
413,KMB,0.6239316239316239,24,67,21,73,0.26373626373626374,0.7362637362637363,0.22340425531914893,0.776595744680851
414,KRYS,0.0,90,0,95,0,1.0,0.0,1.0,0.0
415,KNAB,0.0,10,0,12,0,1.0,0.0,1.0,0.0
416,KLXE,0.524390243902439,0,78,0,43,0.0,1.0,0.0,1.0
417,KMI,0.6046511627906977,35,59,26,65,0.3723404255319149,0.6276595744680851,0.2857142857142857,0.7142857142857143
418,KO,0.425,59,30,62,34,0.6629213483146067,0.33707865168539325,0.6458333333333334,0.3541666666666667
419,KSM,0.0,98,0,87,0,1.0,0.0,1.0,0.0
420,KOP,0.5454545454545455,33,71,24,57,0.3173076923076923,0.6826923076923077,0.2962962962962963,0.7037037037037037
421,KREF,0.544502617801047,46,43,44,52,0.5168539325842697,0.48314606741573035,0.4583333333333333,0.5416666666666666
422,LCTX,0.0,113,0,72,0,1.0,0.0,1.0,0.0
423,LB,0.0,105,0,80,0,1.0,0.0,1.0,0.0
424,LASR,0.6129032258064516,21,60,12,57,0.25925925925925924,0.7407407407407407,0.17391304347826086,0.8260869565217391
425,LAZ,0.3712574850299401,49,41,64,31,0.5444444444444444,0.45555555555555555,0.6736842105263158,0.3263157894736842
426,KTP,0.0,101,0,84,0,1.0,0.0,1.0,0.0
427,LAUR,0.4347826086956521,59,30,61,35,0.6629213483146067,0.33707865168539325,0.6354166666666666,0.3645833333333333
428,LBTYK,0.0,102,0,83,0,1.0,0.0,1.0,0.0
429,LBRT,0.0,90,0,75,0,1.0,0.0,1.0,0.0
430,KYN,0.44171779141104295,58,55,36,36,0.5132743362831859,0.48672566371681414,0.5,0.5
431,LEA,0.5566037735849055,32,77,17,59,0.29357798165137616,0.7064220183486238,0.2236842105263158,0.7763157894736842
432,LBRDA,0.6502057613168725,21,65,20,79,0.2441860465116279,0.7558139534883721,0.20202020202020202,0.797979797979798
433,KVHI,0.0,92,0,93,0,1.0,0.0,1.0,0.0
434,LC,0.5798319327731092,16,87,13,69,0.1553398058252427,0.8446601941747572,0.15853658536585366,0.8414634146341463
435,LCNB,0.40540540540540543,67,30,58,30,0.6907216494845361,0.30927835051546393,0.6590909090909091,0.3409090909090909
436,LAIX,0.0,58,0,57,0,1.0,0.0,1.0,0.0
437,LAWS,0.4640883977900553,46,49,48,42,0.4842105263157895,0.5157894736842106,0.5333333333333333,0.4666666666666667
438,KXIN,0.0,91,0,68,0,1.0,0.0,1.0,0.0
439,LGND,0.6180257510729614,24,64,25,72,0.2727272727272727,0.7272727272727273,0.25773195876288657,0.7422680412371134
440,LEVL,0.366412213740458,44,41,42,24,0.5176470588235295,0.4823529411764706,0.6363636363636364,0.36363636363636365
441,LIVN,0.3555555555555555,74,21,66,24,0.7789473684210526,0.22105263157894736,0.7333333333333333,0.26666666666666666
442,LMFA,0.59375,5,99,5,76,0.04807692307692308,0.9519230769230769,0.06172839506172839,0.9382716049382716
443,LMT,0.6212765957446807,23,61,28,73,0.27380952380952384,0.7261904761904762,0.27722772277227725,0.7227722772277227
444,LLEX,0.3565891472868218,79,56,27,23,0.5851851851851851,0.4148148148148148,0.54,0.46
445,LLNW,0.0,91,0,94,0,1.0,0.0,1.0,0.0
446,LEN,0.4429530201342282,69,22,61,33,0.7582417582417582,0.24175824175824176,0.648936170212766,0.35106382978723405
447,LIZI,0.7499999999999999,1,2,0,3,0.3333333333333333,0.6666666666666666,0.0,1.0
448,LINX (3),0.5675675675675675,0,32,0,21,0.0,1.0,0.0,1.0
449,LINX (2),0.0,32,0,21,0,1.0,0.0,1.0,0.0
450,LFC,0.6224066390041494,19,72,19,75,0.2087912087912088,0.7912087912087912,0.20212765957446807,0.7978723404255319
451,LKCO,0.33333333333333337,35,17,27,11,0.6730769230769231,0.3269230769230769,0.7105263157894737,0.2894736842105263
452,LINX (1),0.5675675675675675,0,32,0,21,0.0,1.0,0.0,1.0
453,LINX,0.0,32,0,21,0,1.0,0.0,1.0,0.0
454,LHX,0.0,90,0,95,0,1.0,0.0,1.0,0.0
455,LHCG,0.65,23,53,31,78,0.3026315789473684,0.6973684210526315,0.28440366972477066,0.7155963302752294
456,LIQT,0.6217228464419475,1,101,0,83,0.00980392156862745,0.9901960784313726,0.0,1.0
457,LPSN,0.5353535353535352,40,50,42,53,0.4444444444444444,0.5555555555555556,0.4421052631578947,0.5578947368421052
458,LTRPA,0.6009852216748769,43,55,26,61,0.4387755102040816,0.5612244897959183,0.2988505747126437,0.7011494252873564
459,LSI,0.45086705202312144,51,37,58,39,0.5795454545454546,0.42045454545454547,0.5979381443298969,0.4020618556701031
460,LUV,0.3714285714285714,71,24,64,26,0.7473684210526316,0.25263157894736843,0.7111111111111111,0.28888888888888886
461,LOCO,0.0,102,0,83,0,1.0,0.0,1.0,0.0
462,LUB,0.5726495726495726,18,84,16,67,0.17647058823529413,0.8235294117647058,0.1927710843373494,0.8072289156626506
463,LTHM,0.0,54,0,57,0,1.0,0.0,1.0,0.0
464,LTRPB,0.28571428571428575,9,6,4,2,0.6,0.4,0.6666666666666666,0.3333333333333333
465,LRCX,0.20895522388059704,65,14,92,14,0.8227848101265823,0.17721518987341772,0.8679245283018868,0.1320754716981132
466,LOGC,0.5046728971962617,29,34,19,27,0.4603174603174603,0.5396825396825397,0.41304347826086957,0.5869565217391305
467,MBWM,0.0,96,0,89,0,1.0,0.0,1.0,0.0
468,LZB,0.0,90,0,95,0,1.0,0.0,1.0,0.0
469,MAT,0.3684210526315789,61,32,64,28,0.6559139784946236,0.34408602150537637,0.6956521739130435,0.30434782608695654
470,MATX,0.0,95,0,90,0,1.0,0.0,1.0,0.0
471,MACK,0.4,65,48,42,30,0.5752212389380531,0.4247787610619469,0.5833333333333334,0.4166666666666667
472,MBINP,0.2857142857142857,29,7,18,5,0.8055555555555556,0.19444444444444445,0.782608695652174,0.21739130434782608
473,MC,0.5189189189189188,48,43,46,48,0.5274725274725275,0.4725274725274725,0.48936170212765956,0.5106382978723404
474,LYL,0.19444444444444445,108,9,49,7,0.9230769230769231,0.07692307692307693,0.875,0.125
475,MAS,0.6608695652173914,31,60,18,76,0.34065934065934067,0.6593406593406593,0.19148936170212766,0.8085106382978723
476,MCD,0.35294117647058826,59,31,68,27,0.6555555555555556,0.34444444444444444,0.7157894736842105,0.28421052631578947
477,MCN,0.5507246376811594,35,55,38,57,0.3888888888888889,0.6111111111111112,0.4,0.6
478,MDRR,0.0,47,0,43,0,1.0,0.0,1.0,0.0
479,MDU,0.43979057591623033,36,46,61,42,0.43902439024390244,0.5609756097560976,0.5922330097087378,0.4077669902912621
480,MEET,0.5700934579439253,32,63,29,61,0.3368421052631579,0.6631578947368421,0.32222222222222224,0.6777777777777778
481,MDC,0.07079646017699116,76,10,95,4,0.8837209302325582,0.11627906976744186,0.9595959595959596,0.04040404040404041
482,MFT,0.0,94,0,91,0,1.0,0.0,1.0,0.0
483,MHLD,0.0,107,0,78,0,1.0,0.0,1.0,0.0
484,MFO (3),0.0,96,0,89,0,1.0,0.0,1.0,0.0
485,MGP,0.6594202898550725,0,94,0,91,0.0,1.0,0.0,1.0
486,MFG,0.0,119,0,66,0,1.0,0.0,1.0,0.0
487,MGTX,0.5,41,32,34,33,0.5616438356164384,0.4383561643835616,0.5074626865671642,0.4925373134328358
488,MGRC,0.6879432624113475,0,88,0,97,0.0,1.0,0.0,1.0
489,MFH,0.0,105,0,78,0,1.0,0.0,1.0,0.0
490,MHD,0.0,97,0,88,0,1.0,0.0,1.0,0.0
491,MFO (2),0.13461538461538464,88,8,82,7,0.9166666666666666,0.08333333333333333,0.9213483146067416,0.07865168539325842
492,MFO (1),0.2615384615384615,72,24,72,17,0.75,0.25,0.8089887640449438,0.19101123595505617
493,MFO,0.15384615384615383,89,7,81,8,0.9270833333333334,0.07291666666666667,0.9101123595505618,0.0898876404494382
494,MICR,0.02380952380952381,102,0,82,1,1.0,0.0,0.9879518072289156,0.012048192771084338
495,MLAB,0.5445026178010471,46,39,48,52,0.5411764705882353,0.4588235294117647,0.48,0.52
496,MMM,0.6446886446886447,0,97,0,88,0.0,1.0,0.0,1.0
497,MIRM,0.0,26,0,22,0,1.0,0.0,1.0,0.0
498,MMC,0.3493975903614458,48,30,78,29,0.6153846153846154,0.38461538461538464,0.7289719626168224,0.27102803738317754
499,MMAC,0.5320197044334976,36,54,41,54,0.4,0.6,0.43157894736842106,0.5684210526315789
500,MMU,0.0,100,0,85,0,1.0,0.0,1.0,0.0
501,MINDP,0.42028985507246375,71,21,59,29,0.7717391304347826,0.22826086956521738,0.6704545454545454,0.32954545454545453
502,MPLX,0.33333333333333326,70,40,52,23,0.6363636363636364,0.36363636363636365,0.6933333333333334,0.30666666666666664
503,MO,0.4615384615384615,45,42,56,42,0.5172413793103449,0.4827586206896552,0.5714285714285714,0.42857142857142855
504,MRK,0.3835616438356164,67,27,63,28,0.7127659574468085,0.2872340425531915,0.6923076923076923,0.3076923076923077
505,MMYT,0.6090225563909775,0,104,0,81,0.0,1.0,0.0,1.0
506,MNLO,0.6116504854368933,28,59,21,63,0.3218390804597701,0.6781609195402298,0.25,0.75
507,MRO,0.607843137254902,43,56,24,62,0.43434343434343436,0.5656565656565656,0.27906976744186046,0.7209302325581395
508,MNTX,0.19834710743801656,76,18,79,12,0.8085106382978723,0.19148936170212766,0.8681318681318682,0.13186813186813187
509,MOH,0.20338983050847456,79,17,77,12,0.8229166666666666,0.17708333333333334,0.8651685393258427,0.1348314606741573
510,MORF,0.641025641025641,0,28,0,25,0.0,1.0,0.0,1.0
511,MPW,0.7542087542087542,0,73,0,112,0.0,1.0,0.0,1.0
512,MNPR,0.0,7,0,6,0,1.0,0.0,1.0,0.0
513,MNP,0.6832740213523131,0,88,1,96,0.0,1.0,0.010309278350515464,0.9896907216494846
514,MOXC,0.543859649122807,12,94,10,62,0.11320754716981132,0.8867924528301887,0.1388888888888889,0.8611111111111112
515,MNSB,0.5291005291005291,32,57,32,50,0.3595505617977528,0.6404494382022472,0.3902439024390244,0.6097560975609756
516,MSI,0.5714285714285715,35,47,43,60,0.4268292682926829,0.573170731707317,0.4174757281553398,0.5825242718446602
517,MSA,0.36708860759493667,56,31,69,29,0.6436781609195402,0.3563218390804598,0.7040816326530612,0.29591836734693877
518,MSCI,0.6347826086956522,28,60,24,73,0.3181818181818182,0.6818181818181818,0.24742268041237114,0.7525773195876289
519,MRSN,0.44303797468354433,62,39,49,35,0.6138613861386139,0.38613861386138615,0.5833333333333334,0.4166666666666667
520,MSN,0.0,111,0,71,0,1.0,0.0,1.0,0.0
521,MTDR,0.0,99,0,86,0,1.0,0.0,1.0,0.0
522,MTBCP,0.4242424242424243,55,27,68,35,0.6707317073170732,0.32926829268292684,0.6601941747572816,0.33980582524271846
523,MSD,0.0,95,0,90,0,1.0,0.0,1.0,0.0
524,MUR,0.3614457831325302,49,55,51,30,0.47115384615384615,0.5288461538461539,0.6296296296296297,0.37037037037037035
525,MUI,0.0,91,0,94,0,1.0,0.0,1.0,0.0
526,MTZ,0.6397058823529411,0,98,0,87,0.0,1.0,0.0,1.0
527,MTSI,0.6971830985915494,0,86,0,99,0.0,1.0,0.0,1.0
528,MXIM,0.6463878326996197,7,83,10,85,0.07777777777777778,0.9222222222222223,0.10526315789473684,0.8947368421052632
529,MVT,0.0,97,0,88,0,1.0,0.0,1.0,0.0
530,MUX,0.32167832167832167,65,37,60,23,0.6372549019607843,0.3627450980392157,0.7228915662650602,0.27710843373493976
531,MTW,0.0,100,0,85,0,1.0,0.0,1.0,0.0
532,MYE,0.0,96,0,89,0,1.0,0.0,1.0,0.0
533,MUFG,0.5674418604651162,31,75,18,61,0.29245283018867924,0.7075471698113207,0.22784810126582278,0.7721518987341772
534,MYL,0.6296296296296297,0,100,0,85,0.0,1.0,0.0,1.0
535,NBH,0.5258215962441314,28,68,33,56,0.2916666666666667,0.7083333333333334,0.3707865168539326,0.6292134831460674
536,NBHC,0.3515151515151515,49,44,63,29,0.5268817204301075,0.4731182795698925,0.6847826086956522,0.31521739130434784
537,NBW,0.0,95,0,90,0,1.0,0.0,1.0,0.0
538,MYOS,0.027027027027027025,112,0,72,1,1.0,0.0,0.9863013698630136,0.0136986301369863
539,MYFW,0.525,11,60,16,42,0.15492957746478872,0.8450704225352113,0.27586206896551724,0.7241379310344828
540,NC,0.6330275229357798,36,56,24,69,0.391304347826087,0.6086956521739131,0.25806451612903225,0.7419354838709677
541,MYRG,0.6496350364963505,0,96,0,89,0.0,1.0,0.0,1.0
542,NBLX,0.5130890052356021,43,60,33,49,0.4174757281553398,0.5825242718446602,0.4024390243902439,0.5975609756097561
543,NAVB,0.0,102,0,83,0,1.0,0.0,1.0,0.0
544,NAV,0.6346863468634686,0,99,0,86,0.0,1.0,0.0,1.0
545,NAN,0.6050420168067226,19,74,20,72,0.20430107526881722,0.7956989247311828,0.21739130434782608,0.782608695652174
546,NFBK,0.5245901639344263,50,50,37,48,0.5,0.5,0.43529411764705883,0.5647058823529412
547,NGD,0.4635761589403974,69,39,42,35,0.6388888888888888,0.3611111111111111,0.5454545454545454,0.45454545454545453
548,NET,0.5161290322580646,10,14,16,16,0.4166666666666667,0.5833333333333334,0.5,0.5
549,NH,0.35616438356164387,65,32,62,26,0.6701030927835051,0.32989690721649484,0.7045454545454546,0.29545454545454547
550,NEWA,0.0,105,0,80,0,1.0,0.0,1.0,0.0
551,NHA,0.4675324675324675,67,34,48,36,0.6633663366336634,0.33663366336633666,0.5714285714285714,0.42857142857142855
552,NFG,0.6296296296296297,0,100,0,85,0.0,1.0,0.0,1.0
553,NG,0.0,89,0,96,0,1.0,0.0,1.0,0.0
554,NEBUU,0.5555555555555556,0,24,0,15,0.0,1.0,0.0,1.0
555,NEXA,0.6186440677966102,22,73,17,73,0.23157894736842105,0.7684210526315789,0.18888888888888888,0.8111111111111111
556,NI,0.6738351254480287,0,91,0,94,0.0,1.0,0.0,1.0
557,NMI,0.47337278106508873,56,32,57,40,0.6363636363636364,0.36363636363636365,0.5876288659793815,0.41237113402061853
558,NMRD,0.0,103,0,82,0,1.0,0.0,1.0,0.0
559,NML,0.5116279069767442,57,47,37,44,0.5480769230769231,0.4519230769230769,0.4567901234567901,0.5432098765432098
560,NOC,0.5963302752293578,32,53,35,65,0.3764705882352941,0.6235294117647059,0.35,0.65
561,NJR,0.4235294117647059,51,42,56,36,0.5483870967741935,0.45161290322580644,0.6086956521739131,0.391304347826087
562,NKTR,0.5779816513761468,30,69,23,63,0.30303030303030304,0.696969696969697,0.26744186046511625,0.7325581395348837
563,NPN,0.17142857142857143,82,14,73,9,0.8541666666666666,0.14583333333333334,0.8902439024390244,0.10975609756097561
564,NP,0.5445026178010471,46,53,34,52,0.46464646464646464,0.5353535353535354,0.3953488372093023,0.6046511627906976
565,NRBO,0.2589928057553957,64,35,68,18,0.6464646464646465,0.35353535353535354,0.7906976744186046,0.20930232558139536
566,NRK,0.6341463414634145,17,71,19,78,0.19318181818181818,0.8068181818181818,0.1958762886597938,0.8041237113402062
567,NTIP,0.0,99,0,86,0,1.0,0.0,1.0,0.0
568,NRZ,0.625,31,51,33,70,0.3780487804878049,0.6219512195121951,0.32038834951456313,0.6796116504854369
569,NSA,0.7197231833910035,0,81,0,104,0.0,1.0,0.0,1.0
570,NREF,0.0,1,0,1,0,1.0,0.0,1.0,0.0
571,NRGO,0.3636363636363636,9,0,7,2,1.0,0.0,0.7777777777777778,0.2222222222222222
572,NSYS,0.0,111,0,68,0,1.0,0.0,1.0,0.0
573,NTCT,0.0,88,0,97,0,1.0,0.0,1.0,0.0
574,NSCO,0.09836065573770493,66,4,51,3,0.9428571428571428,0.05714285714285714,0.9444444444444444,0.05555555555555555
575,NR,0.0,106,0,79,0,1.0,0.0,1.0,0.0
576,NVO,0.7062937062937062,0,84,0,101,0.0,1.0,0.0,1.0
577,NUVA,0.26573426573426573,61,27,78,19,0.6931818181818182,0.3068181818181818,0.8041237113402062,0.1958762886597938
578,NWN,0.6879432624113475,0,88,0,97,0.0,1.0,0.0,1.0
579,NVR,0.0,86,0,99,0,1.0,0.0,1.0,0.0
580,NVEE,0.44047619047619047,54,35,59,37,0.6067415730337079,0.39325842696629215,0.6145833333333334,0.3854166666666667
581,NTRS,0.35526315789473684,60,34,64,27,0.6382978723404256,0.3617021276595745,0.7032967032967034,0.2967032967032967
582,NTP,0.0,103,0,82,0,1.0,0.0,1.0,0.0
583,NUV,0.0,89,0,96,0,1.0,0.0,1.0,0.0
584,ODFL,0.6913580246913581,17,54,21,84,0.23943661971830985,0.7605633802816901,0.2,0.8
585,OCFT,0.4,10,0,3,1,1.0,0.0,0.75,0.25
586,ODP,0.47619047619047616,41,55,44,45,0.4270833333333333,0.5729166666666666,0.4943820224719101,0.5056179775280899
587,OCC,0.0,110,0,75,0,1.0,0.0,1.0,0.0
588,OBNK,0.0,79,0,68,0,1.0,0.0,1.0,0.0
589,OGE,0.6642599277978339,0,93,0,92,0.0,1.0,0.0,1.0
590,NXR,0.568888888888889,24,68,29,64,0.2608695652173913,0.7391304347826086,0.3118279569892473,0.6881720430107527
591,OCCI,0.39316239316239315,24,48,23,23,0.3333333333333333,0.6666666666666666,0.5,0.5
592,OBCI,0.06521739130434784,96,10,76,3,0.9056603773584906,0.09433962264150944,0.9620253164556962,0.0379746835443038
593,OCSL,0.29333333333333333,57,47,59,22,0.5480769230769231,0.4519230769230769,0.7283950617283951,0.2716049382716049
594,OCFC,0.538860103626943,44,53,36,52,0.4536082474226804,0.5463917525773195,0.4090909090909091,0.5909090909090909
595,OKE,0.6925795053003534,0,87,0,98,0.0,1.0,0.0,1.0
596,OLN,0.0,102,0,83,0,1.0,0.0,1.0,0.0
597,OIA,0.0,94,0,91,0,1.0,0.0,1.0,0.0
598,OMER,0.6545454545454547,0,95,0,90,0.0,1.0,0.0,1.0
599,ORBC,0.0,106,0,79,0,1.0,0.0,1.0,0.0
600,ONCY,0.0,114,0,71,0,1.0,0.0,1.0,0.0
601,OMI,0.5291005291005292,46,44,45,50,0.5111111111111111,0.4888888888888889,0.47368421052631576,0.5263157894736842
602,OMC,0.6194029850746269,0,102,0,83,0.0,1.0,0.0,1.0
603,PAI,0.4183006535947712,64,31,58,32,0.6736842105263158,0.3263157894736842,0.6444444444444445,0.35555555555555557
604,ORN,0.5877192982456141,24,70,24,67,0.2553191489361702,0.7446808510638298,0.26373626373626374,0.7362637362637363
605,OSMT,0.0,58,3,49,0,0.9508196721311475,0.04918032786885246,1.0,0.0
606,OTTW,0.0,97,0,63,0,1.0,0.0,1.0,0.0
607,OXLC,0.4875,64,29,53,39,0.6881720430107527,0.3118279569892473,0.5760869565217391,0.42391304347826086
608,PAGS,0.5527638190954774,27,59,30,55,0.313953488372093,0.686046511627907,0.35294117647058826,0.6470588235294118
609,PAGP,0.0,111,0,74,0,1.0,0.0,1.0,0.0
610,OTLK,0.12987012987012989,113,3,64,5,0.9741379310344828,0.02586206896551724,0.927536231884058,0.07246376811594203
611,OZK,0.5128205128205128,40,58,37,50,0.40816326530612246,0.5918367346938775,0.42528735632183906,0.5747126436781609
612,PAACU,0.5,2,14,0,7,0.125,0.875,0.0,1.0
613,OSPN,0.6738351254480287,0,91,0,94,0.0,1.0,0.0,1.0
614,OVV,0.43678160919540227,49,60,38,38,0.44954128440366975,0.5504587155963303,0.5,0.5
615,PANW,0.348993288590604,62,22,75,26,0.7380952380952381,0.2619047619047619,0.7425742574257426,0.25742574257425743
616,PAHC,0.5104166666666667,42,46,48,49,0.4772727272727273,0.5227272727272727,0.4948453608247423,0.5051546391752577
617,OXBR,0.0,108,0,77,0,1.0,0.0,1.0,0.0
618,OXLCM,0.14457831325301207,100,11,60,6,0.9009009009009009,0.0990990990990991,0.9090909090909091,0.09090909090909091
619,OXY,0.34108527131782945,78,17,68,22,0.8210526315789474,0.17894736842105263,0.7555555555555555,0.24444444444444444
620,ORI,0.7062937062937062,0,84,0,101,0.0,1.0,0.0,1.0
621,OVLY,0.5069124423963134,23,79,28,55,0.22549019607843138,0.7745098039215687,0.3373493975903614,0.6626506024096386
622,PACD,0.0,103,0,71,0,1.0,0.0,1.0,0.0
623,OTEL,0.0,118,0,65,0,1.0,0.0,1.0,0.0
624,PDM,0.6785714285714285,0,90,0,95,0.0,1.0,0.0,1.0
625,PBFS,0.608695652173913,0,25,2,21,0.0,1.0,0.08695652173913043,0.9130434782608695
626,PCH,0.23437499999999997,72,20,78,15,0.782608695652174,0.21739130434782608,0.8387096774193549,0.16129032258064516
627,PBCTP,0.7017543859649124,0,85,0,100,0.0,1.0,0.0,1.0
628,PBTS,0.6153846153846153,1,36,4,32,0.02702702702702703,0.972972972972973,0.1111111111111111,0.8888888888888888
629,PCF,0.6027397260273972,32,64,23,66,0.3333333333333333,0.6666666666666666,0.25842696629213485,0.7415730337078652
630,PD,0.6407766990291262,0,37,0,33,0.0,1.0,0.0,1.0
631,PCAR,0.3835616438356165,67,29,61,28,0.6979166666666666,0.3020833333333333,0.6853932584269663,0.3146067415730337
632,PFG,0.6553191489361702,27,68,13,77,0.28421052631578947,0.7157894736842105,0.14444444444444443,0.8555555555555555
633,PEI,0.46153846153846156,45,52,46,42,0.4639175257731959,0.5360824742268041,0.5227272727272727,0.4772727272727273
634,PED,0.02469135802469136,105,1,78,1,0.9905660377358491,0.009433962264150943,0.9873417721518988,0.012658227848101266
635,PFD,0.3625,54,29,73,29,0.6506024096385542,0.3493975903614458,0.7156862745098039,0.28431372549019607
636,PEP,0.6832740213523132,0,89,0,96,0.0,1.0,0.0,1.0
637,PFE,0.4258064516129032,63,37,52,33,0.63,0.37,0.611764705882353,0.38823529411764707
638,PFL,0.5792349726775956,55,42,35,53,0.5670103092783505,0.4329896907216495,0.3977272727272727,0.6022727272727273
639,PETZ,0.0,97,0,88,0,1.0,0.0,1.0,0.0
640,PFSW,0.0,88,0,97,0,1.0,0.0,1.0,0.0
641,PG,0.7152777777777777,0,82,0,103,0.0,1.0,0.0,1.0
642,PECK,0.21276595744680854,42,5,32,5,0.8936170212765957,0.10638297872340426,0.8648648648648649,0.13513513513513514
643,PER,0.2764227642276423,79,41,48,17,0.6583333333333333,0.3416666666666667,0.7384615384615385,0.26153846153846155
644,PLAN,0.7314285714285714,0,47,0,64,0.0,1.0,0.0,1.0
645,PICO,0.5798319327731092,16,83,17,69,0.16161616161616163,0.8383838383838383,0.19767441860465115,0.8023255813953488
646,PGP,0.6738351254480287,0,91,0,94,0.0,1.0,0.0,1.0
647,PK,0.5,53,48,40,44,0.5247524752475248,0.4752475247524752,0.47619047619047616,0.5238095238095238
648,PH,0.6052631578947368,26,66,24,69,0.2826086956521739,0.717391304347826,0.25806451612903225,0.7419354838709677
649,PGZ,0.6738351254480287,0,91,0,94,0.0,1.0,0.0,1.0
650,PHI,0.5454545454545454,33,61,34,57,0.35106382978723405,0.648936170212766,0.37362637362637363,0.6263736263736264
651,PGEN,0.21052631578947364,83,14,76,12,0.8556701030927835,0.14432989690721648,0.8636363636363636,0.13636363636363635
652,PHX,0.0,109,0,76,0,1.0,0.0,1.0,0.0
653,PKI,0.5566037735849056,32,57,37,59,0.3595505617977528,0.6404494382022472,0.3854166666666667,0.6145833333333334
654,PKBK,0.563380281690141,32,61,32,60,0.34408602150537637,0.6559139784946236,0.34782608695652173,0.6521739130434783
655,PKO,0.6203703703703703,36,47,35,67,0.43373493975903615,0.5662650602409639,0.3431372549019608,0.6568627450980392
656,PLAY,0.6495726495726497,27,67,15,76,0.2872340425531915,0.7127659574468085,0.16483516483516483,0.8351648351648352
657,PHAT,0.625,3,10,2,10,0.23076923076923078,0.7692307692307693,0.16666666666666666,0.8333333333333334
658,PLD,0.6153846153846154,32,48,37,68,0.4,0.6,0.3523809523809524,0.6476190476190476
659,PGR,0.4228571428571429,47,39,62,37,0.5465116279069767,0.45348837209302323,0.6262626262626263,0.37373737373737376
660,PMT,0.5226130653266331,38,51,44,52,0.42696629213483145,0.5730337078651685,0.4583333333333333,0.5416666666666666
661,PLYA,0.0,109,0,76,0,1.0,0.0,1.0,0.0
662,PNM,0.5514018691588785,30,62,34,59,0.32608695652173914,0.6739130434782609,0.3655913978494624,0.6344086021505376
663,PNR,0.23943661971830987,60,25,83,17,0.7058823529411765,0.29411764705882354,0.83,0.17
664,PLXS,0.4268292682926829,56,28,66,35,0.6666666666666666,0.3333333333333333,0.6534653465346535,0.3465346534653465
665,PLUG,0.53125,44,54,36,51,0.4489795918367347,0.5510204081632653,0.41379310344827586,0.5862068965517241
666,PNRG,0.5378151260504201,36,23,32,32,0.6101694915254238,0.3898305084745763,0.5,0.5
667,POST,0.6346863468634686,0,99,0,86,0.0,1.0,0.0,1.0
668,PRNB,0.675,12,40,12,54,0.23076923076923078,0.7692307692307693,0.18181818181818182,0.8181818181818182
669,PTEN,0.5232558139534884,49,47,35,45,0.5104166666666666,0.4895833333333333,0.4375,0.5625
670,PRGO,0.5972850678733032,30,63,26,66,0.3225806451612903,0.6774193548387096,0.2826086956521739,0.717391304347826
671,PS,0.6126126126126126,0,86,0,68,0.0,1.0,0.0,1.0
672,PRTH,0.0,108,1,62,0,0.9908256880733946,0.009174311926605505,1.0,0.0
673,PSTG,0.5876777251184834,36,48,39,62,0.42857142857142855,0.5714285714285714,0.38613861386138615,0.6138613861386139
674,PTCT,0.0,80,0,105,0,1.0,0.0,1.0,0.0
675,PSXP,0.5454545454545454,57,34,46,48,0.6263736263736264,0.37362637362637363,0.48936170212765956,0.5106382978723404
676,PRPH,0.0,106,0,70,0,1.0,0.0,1.0,0.0
677,PROS,0.4285714285714286,14,13,11,9,0.5185185185185185,0.48148148148148145,0.55,0.45
678,PSTL,0.5609756097560975,4,32,4,23,0.1111111111111111,0.8888888888888888,0.14814814814814814,0.8518518518518519
679,PRT,0.0,98,0,72,0,1.0,0.0,1.0,0.0
680,PSMT,0.4528301886792453,62,34,53,36,0.6458333333333334,0.3541666666666667,0.5955056179775281,0.4044943820224719
681,PRA,0.5700483091787439,37,63,26,59,0.37,0.63,0.3058823529411765,0.6941176470588235
682,PRS,0.6101694915254238,0,69,0,54,0.0,1.0,0.0,1.0
683,PPL,0.3398692810457516,58,34,67,26,0.6304347826086957,0.3695652173913043,0.7204301075268817,0.27956989247311825
684,QCRH,0.6346863468634686,0,99,0,86,0.0,1.0,0.0,1.0
685,QD,0.36250000000000004,54,48,54,29,0.5294117647058824,0.47058823529411764,0.6506024096385542,0.3493975903614458
686,PTON,0.4137931034482759,9,8,9,6,0.5294117647058824,0.47058823529411764,0.6,0.4
687,PZZA,0.6141078838174273,18,68,25,74,0.20930232558139536,0.7906976744186046,0.25252525252525254,0.7474747474747475
688,QCOM,0.6068376068376068,22,75,17,71,0.2268041237113402,0.7731958762886598,0.19318181818181818,0.8068181818181818
689,PZN,0.43037974683544294,61,41,49,34,0.5980392156862745,0.4019607843137255,0.5903614457831325,0.40963855421686746
690,QMCO,0.6451612903225806,17,71,17,80,0.19318181818181818,0.8068181818181818,0.17525773195876287,0.8247422680412371
691,QRTEA,0.45161290322580644,65,32,53,35,0.6701030927835051,0.32989690721649484,0.6022727272727273,0.3977272727272727
692,PTVCA,0.4814814814814815,42,38,18,26,0.525,0.475,0.4090909090909091,0.5909090909090909
693,QTS,0.6244343891402715,33,55,28,69,0.375,0.625,0.28865979381443296,0.711340206185567
694,QUAD,0.0,98,0,87,0,1.0,0.0,1.0,0.0
695,PVG,0.5673076923076924,36,53,37,59,0.4044943820224719,0.5955056179775281,0.3854166666666667,0.6145833333333334
696,RBBN,0.1818181818181818,85,13,77,10,0.8673469387755102,0.1326530612244898,0.8850574712643678,0.11494252873563218
697,RCI,0.6446886446886447,0,97,0,88,0.0,1.0,0.0,1.0
698,RARE,0.5566037735849056,32,62,32,59,0.3404255319148936,0.6595744680851063,0.3516483516483517,0.6483516483516484
699,RCG,0.0,107,0,74,0,1.0,0.0,1.0,0.0
700,QVCD,0.6174496644295302,14,48,9,46,0.22580645161290322,0.7741935483870968,0.16363636363636364,0.8363636363636363
701,RBZ,0.0,82,0,52,0,1.0,0.0,1.0,0.0
702,RDVT,0.5287356321839081,29,51,31,46,0.3625,0.6375,0.4025974025974026,0.5974025974025974
703,RCM,0.6832740213523132,0,89,0,96,0.0,1.0,0.0,1.0
704,RCB,0.0,96,0,77,0,1.0,0.0,1.0,0.0
705,RCP,0.2916666666666667,67,18,50,14,0.788235294117647,0.21176470588235294,0.78125,0.21875
706,RCON,0.0,116,0,69,0,1.0,0.0,1.0,0.0
707,RDFN,0.6222222222222222,30,59,26,70,0.33707865168539325,0.6629213483146067,0.2708333333333333,0.7291666666666666
708,RGR,0.6153846153846153,23,69,21,72,0.25,0.75,0.22580645161290322,0.7741935483870968
709,RHE,0.04819277108433735,104,6,73,2,0.9454545454545454,0.05454545454545454,0.9733333333333334,0.02666666666666667
710,RKDA,0.0,70,0,49,0,1.0,0.0,1.0,0.0
711,RJA,0.24242424242424243,61,10,40,8,0.8591549295774648,0.14084507042253522,0.8333333333333334,0.16666666666666666
712,REGN,0.7241379310344828,0,80,0,105,0.0,1.0,0.0,1.0
713,RILY,0.0,100,0,85,0,1.0,0.0,1.0,0.0
714,RGA,0.5887850467289719,34,57,31,63,0.37362637362637363,0.6263736263736264,0.32978723404255317,0.6702127659574468
715,REXN,0.0,111,0,73,0,1.0,0.0,1.0,0.0
716,RIGL,0.0,101,0,84,0,1.0,0.0,1.0,0.0
717,RETA,0.0,89,0,96,0,1.0,0.0,1.0,0.0
718,RIV,0.0,90,0,95,0,1.0,0.0,1.0,0.0
719,RF,0.0,98,0,87,0,1.0,0.0,1.0,0.0
720,RFM,0.0,54,0,26,0,1.0,0.0,1.0,0.0
721,RJN,0.15584415584415584,108,6,59,6,0.9473684210526315,0.05263157894736842,0.9076923076923077,0.09230769230769231
722,RIF,0.7062937062937062,0,84,0,101,0.0,1.0,0.0,1.0
723,RH,0.6738351254480287,0,91,0,94,0.0,1.0,0.0,1.0
724,RFI,0.4545454545454546,66,36,48,35,0.6470588235294118,0.35294117647058826,0.5783132530120482,0.42168674698795183
725,REML,0.7152777777777777,0,82,0,103,0.0,1.0,0.0,1.0
726,RODI,0.6,1,11,1,9,0.08333333333333333,0.9166666666666666,0.1,0.9
727,RNWK,0.0,103,0,82,0,1.0,0.0,1.0,0.0
728,RNG,0.5052631578947369,43,47,47,48,0.4777777777777778,0.5222222222222223,0.49473684210526314,0.5052631578947369
729,RPD,0.42696629213483145,45,44,58,38,0.5056179775280899,0.4943820224719101,0.6041666666666666,0.3958333333333333
730,ROL,0.6583333333333333,24,63,19,79,0.27586206896551724,0.7241379310344828,0.19387755102040816,0.8061224489795918
731,RQI,0.6642599277978339,0,93,0,92,0.0,1.0,0.0,1.0
732,RMM,0.37500000000000006,16,13,17,9,0.5517241379310345,0.4482758620689655,0.6538461538461539,0.34615384615384615
733,ROK,0.575609756097561,39,53,34,59,0.42391304347826086,0.5760869565217391,0.3655913978494624,0.6344086021505376
734,RMCF,0.5221674876847291,35,73,24,53,0.32407407407407407,0.6759259259259259,0.3116883116883117,0.6883116883116883
735,ROSE,0.0,111,0,74,0,1.0,0.0,1.0,0.0
736,RRD,0.43137254901960786,65,37,50,33,0.6372549019607843,0.3627450980392157,0.6024096385542169,0.39759036144578314
737,RMED,0.0,66,0,49,0,1.0,0.0,1.0,0.0
738,RPM,0.43956043956043955,43,38,64,40,0.5308641975308642,0.4691358024691358,0.6153846153846154,0.38461538461538464
739,RLJ,0.5326633165829145,39,63,30,53,0.38235294117647056,0.6176470588235294,0.3614457831325301,0.6385542168674698
740,RRBI,0.5084745762711863,21,11,18,15,0.65625,0.34375,0.5454545454545454,0.45454545454545453
741,SBBX,0.26016260162601623,78,17,74,16,0.8210526315789474,0.17894736842105263,0.8222222222222222,0.17777777777777778
742,SAP,0.5610859728506788,26,71,26,62,0.26804123711340205,0.7319587628865979,0.29545454545454547,0.7045454545454546
743,RVT,0.6785714285714285,0,90,0,95,0.0,1.0,0.0,1.0
744,RYI,0.5654008438818565,15,79,24,67,0.1595744680851064,0.8404255319148937,0.26373626373626374,0.7362637362637363
745,RVI,0.6122448979591837,0,76,0,60,0.0,1.0,0.0,1.0
746,SAN,0.4367816091954023,49,52,46,38,0.48514851485148514,0.5148514851485149,0.5476190476190477,0.4523809523809524
747,RYTM,0.6397058823529411,0,98,0,87,0.0,1.0,0.0,1.0
748,SBR,0.0,105,0,80,0,1.0,0.0,1.0,0.0
749,SCPL,0.5714285714285715,5,36,0,24,0.12195121951219512,0.8780487804878049,0.0,1.0
750,SBLKZ,0.06896551724137931,97,8,73,3,0.9238095238095239,0.0761904761904762,0.9605263157894737,0.039473684210526314
751,SCPH,0.0,96,0,89,0,1.0,0.0,1.0,0.0
752,SCHW,0.6642599277978339,0,93,0,92,0.0,1.0,0.0,1.0
753,SBGI,0.5048543689320388,31,76,26,52,0.2897196261682243,0.7102803738317757,0.3333333333333333,0.6666666666666666
754,SCD,0.5303867403314917,52,43,42,48,0.5473684210526316,0.45263157894736844,0.4666666666666667,0.5333333333333333
755,SDPI,0.5930232558139535,0,70,0,51,0.0,1.0,0.0,1.0
756,SEAC,0.0,92,0,93,0,1.0,0.0,1.0,0.0
757,SCCO,0.6545454545454547,0,95,0,90,0.0,1.0,0.0,1.0
758,SBT,0.29508196721311475,81,26,60,18,0.7570093457943925,0.24299065420560748,0.7692307692307693,0.23076923076923078
759,SBRA,0.0,98,0,87,0,1.0,0.0,1.0,0.0
760,SCWX,0.35714285714285715,70,32,58,25,0.6862745098039216,0.3137254901960784,0.6987951807228916,0.30120481927710846
761,SGBX,0.0,115,0,70,0,1.0,0.0,1.0,0.0
762,SGRP,0.0,105,0,78,0,1.0,0.0,1.0,0.0
763,SGC,0.5,65,38,42,40,0.6310679611650486,0.36893203883495146,0.5121951219512195,0.4878048780487805
764,SESN,0.0,115,0,70,0,1.0,0.0,1.0,0.0
765,SHW,0.28169014084507044,63,27,75,20,0.7,0.3,0.7894736842105263,0.21052631578947367
766,SGMS,0.5739910313901346,26,66,29,64,0.2826086956521739,0.717391304347826,0.3118279569892473,0.6881720430107527
767,SHIP,0.0,114,0,71,0,1.0,0.0,1.0,0.0
768,SENEA,0.0,91,0,94,0,1.0,0.0,1.0,0.0
769,SGA,0.6925795053003534,0,86,1,98,0.0,1.0,0.010101010101010102,0.98989898989899
770,SLMBP,0.527363184079602,28,77,18,53,0.26666666666666666,0.7333333333333333,0.2535211267605634,0.7464788732394366
771,SJW,0.6324786324786325,25,62,24,74,0.28735632183908044,0.7126436781609196,0.24489795918367346,0.7551020408163265
772,SLRC,0.611111111111111,35,56,28,66,0.38461538461538464,0.6153846153846154,0.2978723404255319,0.7021276595744681
773,SKYS,0.0,94,0,91,0,1.0,0.0,1.0,0.0
774,SIM,0.0,96,0,82,0,1.0,0.0,1.0,0.0
775,SNP,0.517766497461929,39,56,39,51,0.4105263157894737,0.5894736842105263,0.43333333333333335,0.5666666666666667
776,SNCA,0.23076923076923078,26,13,27,6,0.6666666666666666,0.3333333333333333,0.8181818181818182,0.18181818181818182
777,SNDR,0.37583892617449666,64,33,60,28,0.6597938144329897,0.3402061855670103,0.6818181818181818,0.3181818181818182
778,SOLN,0.608695652173913,0,25,2,21,0.0,1.0,0.08695652173913043,0.9130434782608695
779,SORL,0.0,114,0,71,0,1.0,0.0,1.0,0.0
780,SO,0.7152777777777777,0,82,0,103,0.0,1.0,0.0,1.0
781,SOGO,0.0,107,0,78,0,1.0,0.0,1.0,0.0
782,SNA,0.6446886446886447,0,97,0,88,0.0,1.0,0.0,1.0
783,SNFCA,0.49289099526066343,26,81,26,52,0.24299065420560748,0.7570093457943925,0.3333333333333333,0.6666666666666666
784,SNES,0.0,115,0,70,0,1.0,0.0,1.0,0.0
785,SNE,0.6879432624113475,0,88,0,97,0.0,1.0,0.0,1.0
786,SONM,0.5208333333333333,0,46,0,25,0.0,1.0,0.0,1.0
787,SPAR,0.5380710659898478,41,50,41,53,0.45054945054945056,0.5494505494505495,0.43617021276595747,0.5638297872340425
788,SRDX,0.5226130653266331,38,67,28,52,0.3619047619047619,0.638095238095238,0.35,0.65
789,SPPI,0.0,98,0,87,0,1.0,0.0,1.0,0.0
790,SPNS,0.5314009661835749,33,59,38,55,0.358695652173913,0.6413043478260869,0.40860215053763443,0.5913978494623656
791,SPT,0.0,11,0,10,0,1.0,0.0,1.0,0.0
792,SRLP,0.0,106,0,79,0,1.0,0.0,1.0,0.0
793,SPB,0.40697674418604657,48,40,62,35,0.5454545454545454,0.45454545454545453,0.6391752577319587,0.36082474226804123
794,SP,0.0,93,0,92,0,1.0,0.0,1.0,0.0
795,SRC,0.3483870967741935,57,32,69,27,0.6404494382022472,0.3595505617977528,0.71875,0.28125
796,SPXC,0.5235602094240839,44,43,48,50,0.5057471264367817,0.4942528735632184,0.4897959183673469,0.5102040816326531
797,SPOT,0.6375545851528384,0,83,0,73,0.0,1.0,0.0,1.0
798,STKL,0.34532374100719426,70,39,52,24,0.6422018348623854,0.3577981651376147,0.6842105263157895,0.3157894736842105
799,STCN,0.0,114,0,71,0,1.0,0.0,1.0,0.0
800,STAA,0.51,36,64,34,51,0.36,0.64,0.4,0.6
801,STRM,0.07058823529411765,103,6,73,3,0.944954128440367,0.05504587155963303,0.9605263157894737,0.039473684210526314
802,SSTK,0.423841059602649,66,24,63,32,0.7333333333333333,0.26666666666666666,0.6631578947368421,0.3368421052631579
803,STOK,0.39999999999999997,26,10,17,9,0.7222222222222222,0.2777777777777778,0.6538461538461539,0.34615384615384615
804,STL,0.6642599277978339,0,93,0,92,0.0,1.0,0.0,1.0
805,STRL,0.6074766355140186,36,53,31,65,0.4044943820224719,0.5955056179775281,0.3229166666666667,0.6770833333333334
806,SSKN,0.16494845360824742,96,13,68,8,0.8807339449541285,0.11926605504587157,0.8947368421052632,0.10526315789473684
807,SSSS,0.0,90,0,93,0,1.0,0.0,1.0,0.0
808,STAR,0.0,86,0,99,0,1.0,0.0,1.0,0.0
809,STON,0.24137931034482757,83,25,63,14,0.7685185185185185,0.23148148148148148,0.8181818181818182,0.18181818181818182
810,STNG,0.6594202898550725,0,94,0,91,0.0,1.0,0.0,1.0
811,STC,0.5581395348837209,30,59,36,60,0.33707865168539325,0.6629213483146067,0.375,0.625
812,SUN,0.0,90,0,95,0,1.0,0.0,1.0,0.0
813,SYBT,0.6311111111111111,31,59,24,71,0.34444444444444444,0.6555555555555556,0.25263157894736843,0.7473684210526316
814,STZ,0.6239999999999999,13,76,18,78,0.14606741573033707,0.8539325842696629,0.1875,0.8125
815,SVT,0.0,109,0,64,0,1.0,0.0,1.0,0.0
816,SYKE,0.4719101123595506,49,34,60,42,0.5903614457831325,0.40963855421686746,0.5882352941176471,0.4117647058823529
817,SWN,0.5485714285714285,58,44,35,48,0.5686274509803921,0.43137254901960786,0.42168674698795183,0.5783132530120482
818,SYY,0.6971830985915494,0,86,0,99,0.0,1.0,0.0,1.0
819,SYNL,0.6037735849056604,0,105,0,80,0.0,1.0,0.0,1.0
820,TCMD,0.6502057613168724,21,63,22,79,0.25,0.75,0.21782178217821782,0.7821782178217822
821,TBI,0.5871559633027523,31,65,25,64,0.3229166666666667,0.6770833333333334,0.2808988764044944,0.7191011235955056
822,TCRZ,0.3458646616541353,64,32,55,23,0.6666666666666666,0.3333333333333333,0.7051282051282052,0.2948717948717949
823,TBLT,0.5441176470588236,0,62,0,37,0.0,1.0,0.0,1.0
824,TBLTW,0.4054054054054054,12,33,11,15,0.26666666666666666,0.7333333333333333,0.4230769230769231,0.5769230769230769
825,TELA,0.6666666666666666,0,11,0,11,0.0,1.0,0.0,1.0
826,TEL,0.5174129353233831,36,56,41,52,0.391304347826087,0.6086956521739131,0.44086021505376344,0.5591397849462365
827,TDC,0.6142322097378278,0,103,0,82,0.0,1.0,0.0,1.0
828,TGE,0.5,62,50,32,41,0.5535714285714286,0.44642857142857145,0.4383561643835616,0.5616438356164384
829,TGNA,0.5821596244131455,34,63,26,62,0.35051546391752575,0.6494845360824743,0.29545454545454547,0.7045454545454546
830,TECTP,0.43478260869565216,17,6,7,5,0.7391304347826086,0.2608695652173913,0.5833333333333334,0.4166666666666667
831,TEO,0.0,97,0,88,0,1.0,0.0,1.0,0.0
832,TECD,0.6738351254480287,0,91,0,94,0.0,1.0,0.0,1.0
833,TESS,0.38509316770186336,55,47,52,31,0.5392156862745098,0.46078431372549017,0.6265060240963856,0.37349397590361444
834,TELL,0.5984848484848485,0,106,0,79,0.0,1.0,0.0,1.0
835,TJX,0.302158273381295,67,19,78,21,0.7790697674418605,0.22093023255813954,0.7878787878787878,0.21212121212121213
836,TKC,0.1372549019607843,90,5,83,7,0.9473684210526315,0.05263157894736842,0.9222222222222223,0.07777777777777778
837,TM,0.5599999999999999,23,70,29,63,0.24731182795698925,0.7526881720430108,0.31521739130434784,0.6847826086956522
838,TIGO,0.6857142857142856,0,44,0,48,0.0,1.0,0.0,1.0
839,THG,0.5463414634146342,36,52,41,56,0.4090909090909091,0.5909090909090909,0.422680412371134,0.5773195876288659
840,TLYS,0.3235294117647059,71,36,56,22,0.6635514018691588,0.3364485981308411,0.717948717948718,0.28205128205128205
841,THCB,0.6530612244897959,26,5,12,16,0.8387096774193549,0.16129032258064516,0.42857142857142855,0.5714285714285714
842,TLK,0.28346456692913385,76,15,76,18,0.8351648351648352,0.16483516483516483,0.8085106382978723,0.19148936170212766
843,THO,0.0,89,0,96,0,1.0,0.0,1.0,0.0
844,TGT,0.6496350364963505,0,96,0,89,0.0,1.0,0.0,1.0
845,THCAU,0.39999999999999997,3,8,1,3,0.2727272727272727,0.7272727272727273,0.25,0.75
846,TIPT,0.6496350364963505,0,96,0,89,0.0,1.0,0.0,1.0
847,THRM,0.224,74,18,79,14,0.8043478260869565,0.1956521739130435,0.8494623655913979,0.15053763440860216
848,TKR,0.6496350364963505,0,96,0,89,0.0,1.0,0.0,1.0
849,TK,0.2962962962962963,70,29,66,20,0.7070707070707071,0.29292929292929293,0.7674418604651163,0.23255813953488372
850,TLI,0.0,99,0,86,0,1.0,0.0,1.0,0.0
851,TRMB,0.42384105960264906,66,26,61,32,0.717391304347826,0.2826086956521739,0.6559139784946236,0.34408602150537637
852,TRN,0.21538461538461537,69,21,81,14,0.7666666666666667,0.23333333333333334,0.8526315789473684,0.14736842105263157
853,TRHC,0.6971830985915494,0,86,0,99,0.0,1.0,0.0,1.0
854,TR,0.0,90,0,95,0,1.0,0.0,1.0,0.0
855,TMUS,0.6971830985915494,0,86,0,99,0.0,1.0,0.0,1.0
856,TNDM,0.3511450381679389,77,12,73,23,0.8651685393258427,0.1348314606741573,0.7604166666666666,0.23958333333333334
857,TNC,0.5701754385964912,22,73,25,65,0.23157894736842105,0.7684210526315789,0.2777777777777778,0.7222222222222222
858,TRC,0.48453608247422686,38,68,32,47,0.3584905660377358,0.6415094339622641,0.4050632911392405,0.5949367088607594
859,TRIL,0.4457831325301205,56,37,55,37,0.6021505376344086,0.3978494623655914,0.5978260869565217,0.40217391304347827
860,TREC,0.32592592592592595,72,40,51,22,0.6428571428571429,0.35714285714285715,0.6986301369863014,0.3013698630136986
861,TMSR,0.0,70,0,62,0,1.0,0.0,1.0,0.0
862,TRMK,0.3007518796992481,72,28,65,20,0.72,0.28,0.7647058823529411,0.23529411764705882
863,TPHS,0.27480916030534347,72,32,63,18,0.6923076923076923,0.3076923076923077,0.7777777777777778,0.2222222222222222
864,TTM,0.4473684210526316,67,48,36,34,0.5826086956521739,0.41739130434782606,0.5142857142857142,0.4857142857142857
865,TSU,0.6169154228855721,46,50,27,62,0.4791666666666667,0.5208333333333334,0.30337078651685395,0.6966292134831461
866,TRVI,0.10810810810810811,37,1,32,2,0.9736842105263158,0.02631578947368421,0.9411764705882353,0.058823529411764705
867,TUP,0.0,98,0,87,0,1.0,0.0,1.0,0.0
868,TSCAP,0.29166666666666663,72,15,53,14,0.8275862068965517,0.1724137931034483,0.7910447761194029,0.208955223880597
869,TSN,0.6545454545454547,0,95,0,90,0.0,1.0,0.0,1.0
870,UCTT (3),0.6111111111111112,10,84,14,77,0.10638297872340426,0.8936170212765957,0.15384615384615385,0.8461538461538461
871,UCIB,0.2105263157894737,12,9,6,2,0.5714285714285714,0.42857142857142855,0.75,0.25
872,UCTT (2),0.6111111111111112,10,84,14,77,0.10638297872340426,0.8936170212765957,0.15384615384615385,0.8461538461538461
873,UCTT (1),0.24347826086956523,84,10,77,14,0.8936170212765957,0.10638297872340426,0.8461538461538461,0.15384615384615385
874,UBCP,0.3586206896551724,66,31,62,26,0.6804123711340206,0.31958762886597936,0.7045454545454546,0.29545454545454547
875,TXN,0.30872483221476515,59,28,75,23,0.6781609195402298,0.3218390804597701,0.7653061224489796,0.23469387755102042
876,TWTR,0.0,90,0,95,0,1.0,0.0,1.0,0.0
877,UBOH,0.0,106,0,70,0,1.0,0.0,1.0,0.0
878,TV,0.38571428571428573,72,20,66,27,0.782608695652174,0.21739130434782608,0.7096774193548387,0.2903225806451613
879,UCBI,0.2571428571428571,63,32,72,18,0.6631578947368421,0.3368421052631579,0.8,0.2
880,UCTT,0.0,94,0,91,0,1.0,0.0,1.0,0.0
881,TY,0.32051282051282054,54,27,79,25,0.6666666666666666,0.3333333333333333,0.7596153846153846,0.2403846153846154
882,UBS,0.4640883977900553,46,49,48,42,0.4842105263157895,0.5157894736842106,0.5333333333333333,0.4666666666666667
883,UE,0.0,88,0,97,0,1.0,0.0,1.0,0.0
884,UEPS,0.24347826086956523,84,25,62,14,0.7706422018348624,0.22935779816513763,0.8157894736842105,0.18421052631578946
885,UNP,0.36111111111111105,67,24,68,26,0.7362637362637363,0.26373626373626374,0.723404255319149,0.2765957446808511
886,UGI,0.3537414965986394,64,35,60,26,0.6464646464646465,0.35353535353535354,0.6976744186046512,0.3023255813953488
887,UMBF,0.27941176470588236,68,24,74,19,0.7391304347826086,0.2608695652173913,0.7956989247311828,0.20430107526881722
888,UNAM,0.0,74,0,30,0,1.0,0.0,1.0,0.0
889,UNB,0.18000000000000002,94,11,71,9,0.8952380952380953,0.10476190476190476,0.8875,0.1125
890,ULH,0.4680851063829787,41,52,48,44,0.44086021505376344,0.5591397849462365,0.5217391304347826,0.4782608695652174
891,UL,0.0,94,0,91,0,1.0,0.0,1.0,0.0
892,UNH,0.4431818181818182,48,42,56,39,0.5333333333333333,0.4666666666666667,0.5894736842105263,0.4105263157894737
893,UTX#,0.6612244897959184,21,64,19,81,0.24705882352941178,0.7529411764705882,0.19,0.81
894,UTX,0.0,85,0,100,0,1.0,0.0,1.0,0.0
895,USIO,0.5657370517928287,0,107,2,71,0.0,1.0,0.0273972602739726,0.9726027397260274
896,URG,0.0,122,0,63,0,1.0,0.0,1.0,0.0
897,UVV,0.0,94,0,91,0,1.0,0.0,1.0,0.0
898,URBN,0.6832740213523132,0,89,0,96,0.0,1.0,0.0,1.0
899,URR,0.4333333333333334,14,31,3,13,0.3111111111111111,0.6888888888888889,0.1875,0.8125
900,USEG,0.0,115,0,70,0,1.0,0.0,1.0,0.0
901,USB,0.3221476510067114,60,31,70,24,0.6593406593406593,0.34065934065934067,0.7446808510638298,0.2553191489361702
902,UTHR,0.5454545454545455,41,44,46,54,0.4823529411764706,0.5176470588235295,0.46,0.54
903,VEDL,0.5823754789272031,0,109,0,76,0.0,1.0,0.0,1.0
904,VCF,0.13333333333333333,87,15,76,7,0.8529411764705882,0.14705882352941177,0.9156626506024096,0.08433734939759036
905,VIVE,0.42105263157894735,65,52,36,32,0.5555555555555556,0.4444444444444444,0.5294117647058824,0.47058823529411764
906,VGM,0.0,87,0,98,0,1.0,0.0,1.0,0.0
907,VIE,0.3809523809523809,14,2,11,4,0.875,0.125,0.7333333333333333,0.26666666666666666
908,VFC,0.6690647482014388,0,92,0,93,0.0,1.0,0.0,1.0
909,VBF,0.6642599277978339,0,93,0,92,0.0,1.0,0.0,1.0
910,VER,0.6496350364963505,0,96,0,89,0.0,1.0,0.0,1.0
911,VCTR,0.0,85,0,82,0,1.0,0.0,1.0,0.0
912,VEC (2),0.0,90,0,95,0,1.0,0.0,1.0,0.0
913,VIR,0.5,11,4,8,6,0.7333333333333333,0.26666666666666666,0.5714285714285714,0.42857142857142855
914,VFF,0.5499999999999999,0,54,0,33,0.0,1.0,0.0,1.0
915,VFL,0.0,99,0,86,0,1.0,0.0,1.0,0.0
916,VIAC,0.48756218905472637,33,66,37,49,0.3333333333333333,0.6666666666666666,0.43023255813953487,0.5697674418604651
917,VCIF,0.4000000000000001,11,18,18,12,0.3793103448275862,0.6206896551724138,0.6,0.4
918,VHI,0.21739130434782608,103,12,60,10,0.8956521739130435,0.10434782608695652,0.8571428571428571,0.14285714285714285
919,VAR,0.6785714285714285,0,90,0,95,0.0,1.0,0.0,1.0
920,VEC (1),0.0,90,0,95,0,1.0,0.0,1.0,0.0
921,VEC,0.43575418994413406,45,45,56,39,0.5,0.5,0.5894736842105263,0.4105263157894737
922,VAL,0.4720496894409938,62,46,39,38,0.5740740740740741,0.42592592592592593,0.5064935064935064,0.4935064935064935
923,VBTX,0.6832740213523132,0,89,0,96,0.0,1.0,0.0,1.0
924,VEL,0.5,7,2,4,3,0.7777777777777778,0.2222222222222222,0.5714285714285714,0.42857142857142855
925,VNRX,0.5538461538461538,44,49,38,54,0.4731182795698925,0.5268817204301075,0.41304347826086957,0.5869565217391305
926,VSH,0.6371681415929203,22,70,12,72,0.2391304347826087,0.7608695652173914,0.14285714285714285,0.8571428571428571
927,VLO,0.5844748858447488,30,61,30,64,0.32967032967032966,0.6703296703296703,0.3191489361702128,0.6808510638297872
928,VNO,0.4659090909090909,50,43,51,41,0.5376344086021505,0.46236559139784944,0.5543478260869565,0.44565217391304346
929,VRNA,0.42335766423357657,72,28,51,29,0.72,0.28,0.6375,0.3625
930,VRTU,0.4692737430167598,48,40,55,42,0.5454545454545454,0.45454545454545453,0.5670103092783505,0.4329896907216495
931,VLT,0.0,95,0,90,0,1.0,0.0,1.0,0.0
932,VLYPO,0.6193548387096773,5,51,8,48,0.08928571428571429,0.9107142857142857,0.14285714285714285,0.8571428571428571
933,VMC,0.6397058823529411,0,98,0,87,0.0,1.0,0.0,1.0
934,VNTR,0.19801980198019803,94,14,67,10,0.8703703703703703,0.12962962962962962,0.8701298701298701,0.12987012987012986
935,VTIQW,0.0,30,0,19,0,1.0,0.0,1.0,0.0
936,WEA,0.5781990521327015,35,63,26,61,0.35714285714285715,0.6428571428571429,0.2988505747126437,0.7011494252873564
937,WDFC,0.0,84,0,101,0,1.0,0.0,1.0,0.0
938,VTGN,0.5764192139737991,22,80,17,66,0.21568627450980393,0.7843137254901961,0.20481927710843373,0.7951807228915663
939,W (2),0.4895833333333333,40,57,41,47,0.41237113402061853,0.5876288659793815,0.4659090909090909,0.5340909090909091
940,VTA,0.4591836734693877,34,62,44,45,0.3541666666666667,0.6458333333333334,0.4943820224719101,0.5056179775280899
941,WBA,0.5610859728506788,26,71,26,62,0.26804123711340205,0.7319587628865979,0.29545454545454547,0.7045454545454546
942,W (1),0.6446886446886447,0,97,0,88,0.0,1.0,0.0,1.0
943,VZ,0.6832740213523132,0,89,0,96,0.0,1.0,0.0,1.0
944,WAB,0.4285714285714286,53,44,52,36,0.5463917525773195,0.4536082474226804,0.5909090909090909,0.4090909090909091
945,W,0.6446886446886447,0,97,0,88,0.0,1.0,0.0,1.0
946,WES,0.0,110,1,74,0,0.990990990990991,0.009009009009009009,1.0,0.0
947,WMT,0.6290322580645162,15,74,18,78,0.16853932584269662,0.8314606741573034,0.1875,0.8125
948,WFC,0.6027397260273972,32,60,27,66,0.34782608695652173,0.6521739130434783,0.2903225806451613,0.7096774193548387
949,WMS,0.7062937062937062,0,84,0,101,0.0,1.0,0.0,1.0
950,WETF,0.5769230769230769,0,110,0,75,0.0,1.0,0.0,1.0
951,WEYS,0.5327102803738317,28,70,30,57,0.2857142857142857,0.7142857142857143,0.3448275862068966,0.6551724137931034
952,WMB,0.48128342245989303,43,55,42,45,0.4387755102040816,0.5612244897959183,0.4827586206896552,0.5172413793103449
953,WTM,0.48314606741573035,50,33,59,43,0.6024096385542169,0.39759036144578314,0.5784313725490197,0.4215686274509804
954,WTIU,0.169811320754717,88,15,73,9,0.8543689320388349,0.14563106796116504,0.8902439024390244,0.10975609756097561
955,WY,0.22058823529411764,64,26,80,15,0.7111111111111111,0.28888888888888886,0.8421052631578947,0.15789473684210525
956,WWW,0.5583756345177665,43,55,32,55,0.4387755102040816,0.5612244897959183,0.367816091954023,0.632183908045977
957,WTREP,0.0,16,1,3,0,0.9411764705882353,0.058823529411764705,1.0,0.0
958,WSC,0.6879432624113475,0,88,0,97,0.0,1.0,0.0,1.0
959,WPC,0.7017543859649124,0,85,0,100,0.0,1.0,0.0,1.0
960,WRB,0.6971830985915494,0,86,0,99,0.0,1.0,0.0,1.0
961,WTFC,0.0,93,0,92,0,1.0,0.0,1.0,0.0
962,WTTR,0.24,75,25,70,15,0.75,0.25,0.8235294117647058,0.17647058823529413
963,WPX,0.0,97,0,88,0,1.0,0.0,1.0,0.0
964,WST,0.6925795053003534,0,87,0,98,0.0,1.0,0.0,1.0
965,WTI,0.3262411347517731,67,42,53,23,0.6146788990825688,0.3853211009174312,0.6973684210526315,0.3026315789473684
966,XFLT,0.0,114,0,71,0,1.0,0.0,1.0,0.0
967,YTRA,0.3125,77,22,66,20,0.7777777777777778,0.2222222222222222,0.7674418604651163,0.23255813953488372
968,YGRN,0.38095238095238093,10,1,12,4,0.9090909090909091,0.09090909090909091,0.75,0.25
969,XELA,0.4260355029585799,52,61,36,36,0.46017699115044247,0.5398230088495575,0.5,0.5
970,Y,0.5181347150259067,42,43,50,50,0.49411764705882355,0.5058823529411764,0.5,0.5
971,YY,0.5982905982905983,21,80,14,70,0.2079207920792079,0.7920792079207921,0.16666666666666666,0.8333333333333334
972,XENT,0.36257309941520466,45,49,60,31,0.4787234042553192,0.5212765957446809,0.6593406593406593,0.34065934065934067
973,XTNT,0.07407407407407408,107,4,71,3,0.963963963963964,0.036036036036036036,0.9594594594594594,0.04054054054054054
974,YCBD,0.47872340425531923,42,72,26,45,0.3684210526315789,0.631578947368421,0.36619718309859156,0.6338028169014085
975,XBIT,0.0,88,0,97,0,1.0,0.0,1.0,0.0
976,XPEL,0.48780487804878053,21,6,15,10,0.7777777777777778,0.2222222222222222,0.6,0.4
977,YEXT,0.0,92,0,93,0,1.0,0.0,1.0,0.0
978,XNCR,0.6594202898550725,0,94,0,91,0.0,1.0,0.0,1.0
979,XOM,0.5685279187817258,44,61,24,56,0.41904761904761906,0.580952380952381,0.3,0.7
980,XPL,0.0,131,0,54,0,1.0,0.0,1.0,0.0
981,XRX,0.2814814814814815,69,28,69,19,0.711340206185567,0.28865979381443296,0.7840909090909091,0.2159090909090909
982,XP,0.5454545454545454,7,2,3,3,0.7777777777777778,0.2222222222222222,0.5,0.5
983,ZLAB,0.5982905982905982,21,63,31,70,0.25,0.75,0.3069306930693069,0.693069306930693
984,ZSAN,0.49056603773584906,25,91,17,52,0.21551724137931033,0.7844827586206896,0.2463768115942029,0.7536231884057971
985,ZUMZ,0.5931558935361216,0,107,0,78,0.0,1.0,0.0,1.0
986,ZIONL,0.5454545454545454,7,9,6,9,0.4375,0.5625,0.4,0.6
987,ZYXI,0.41269841269841273,85,16,58,26,0.8415841584158416,0.15841584158415842,0.6904761904761905,0.30952380952380953
988,ZION,0.5904761904761905,37,55,31,62,0.40217391304347827,0.5978260869565217,0.3333333333333333,0.6666666666666666
989,ZUO,0.2698412698412698,53,26,66,17,0.6708860759493671,0.3291139240506329,0.7951807228915663,0.20481927710843373
990,ZEUS,0.5575221238938053,22,76,24,63,0.22448979591836735,0.7755102040816326,0.27586206896551724,0.7241379310344828
991,ZGNX,0.3096774193548387,54,27,80,24,0.6666666666666666,0.3333333333333333,0.7692307692307693,0.23076923076923078
992,AA,0.4624277456647399,52,61,32,40,0.46017699115044247,0.5398230088495575,0.4444444444444444,0.5555555555555556
993,AAON,0.6879432624113475,0,88,0,97,0.0,1.0,0.0,1.0
994,AAPL,0.0,84,0,101,0,1.0,0.0,1.0,0.0
995,ABCB,0.4093567251461988,49,49,52,35,0.5,0.5,0.5977011494252874,0.40229885057471265
996,ABTX,0.6785714285714285,0,90,0,95,0.0,1.0,0.0,1.0
997,ABUS,0.0,99,0,86,0,1.0,0.0,1.0,0.0
998,ABT,0.6879432624113475,0,88,0,97,0.0,1.0,0.0,1.0
999,ACAD,0.22222222222222224,81,17,74,13,0.826530612244898,0.17346938775510204,0.8505747126436781,0.14942528735632185
1000,ADI,0.0,89,0,96,0,1.0,0.0,1.0,0.0
1001,ACIA,0.33093525179856115,69,19,74,23,0.7840909090909091,0.2159090909090909,0.7628865979381443,0.23711340206185566
1002,ACTTU,0.5384615384615384,22,6,6,7,0.7857142857142857,0.21428571428571427,0.46153846153846156,0.5384615384615384
1003,ADC,0.5025641025641024,39,33,64,49,0.5416666666666666,0.4583333333333333,0.5663716814159292,0.4336283185840708
1004,ACRS,0.0,110,0,75,0,1.0,0.0,1.0,0.0
1005,ACU,0.48407643312101906,66,36,45,38,0.6470588235294118,0.35294117647058826,0.5421686746987951,0.4578313253012048
1006,ADMP,0.0,123,0,62,0,1.0,0.0,1.0,0.0
1007,ADSW,0.4973544973544973,43,47,48,47,0.4777777777777778,0.5222222222222223,0.5052631578947369,0.49473684210526314
1008,AES,0.7152777777777777,0,82,0,103,0.0,1.0,0.0,1.0
1009,AERI,0.0,101,0,84,0,1.0,0.0,1.0,0.0
1010,AEO,0.5121951219512195,63,31,49,42,0.6702127659574468,0.32978723404255317,0.5384615384615384,0.46153846153846156
1011,AEG,0.0,102,0,83,0,1.0,0.0,1.0,0.0
1012,ADM,0.5814977973568282,24,65,30,66,0.2696629213483146,0.7303370786516854,0.3125,0.6875
1013,ADP,0.5821596244131455,34,60,29,62,0.3617021276595745,0.6382978723404256,0.31868131868131866,0.6813186813186813
1014,AGNC,0.5909090909090908,30,54,36,65,0.35714285714285715,0.6428571428571429,0.3564356435643564,0.6435643564356436
1015,AIT,0.4888888888888889,49,46,46,44,0.5157894736842106,0.4842105263157895,0.5111111111111111,0.4888888888888889
1016,AGO,0.2769230769230769,73,20,74,18,0.7849462365591398,0.21505376344086022,0.8043478260869565,0.1956521739130435
1017,AIF,0.41463414634146345,55,37,59,34,0.5978260869565217,0.40217391304347827,0.6344086021505376,0.3655913978494624
1018,AIG,0.6346863468634686,0,99,0,86,0.0,1.0,0.0,1.0
1019,AFGH,0.1509433962264151,87,7,83,8,0.925531914893617,0.07446808510638298,0.9120879120879121,0.08791208791208792
1020,AKER,0.0,103,0,82,0,1.0,0.0,1.0,0.0
1021,AKCA,0.5769230769230769,37,64,24,60,0.36633663366336633,0.6336633663366337,0.2857142857142857,0.7142857142857143
1022,ALBO,0.6194029850746269,0,102,0,83,0.0,1.0,0.0,1.0
1023,ALDX,0.31932773109243695,85,20,61,19,0.8095238095238095,0.19047619047619047,0.7625,0.2375
1024,ALUS,0.6,1,3,1,3,0.25,0.75,0.25,0.75
1025,ALGRU,0.0,33,0,7,0,1.0,0.0,1.0,0.0
1026,ALK,0.6204081632653061,16,81,12,76,0.16494845360824742,0.8350515463917526,0.13636363636363635,0.8636363636363636
1027,ALRM,0.6832740213523132,0,89,0,96,0.0,1.0,0.0,1.0
1028,ALTM,0.0,58,0,46,0,1.0,0.0,1.0,0.0
1029,ALLY,0.6496350364963505,0,96,0,89,0.0,1.0,0.0,1.0
1030,AMD,0.6885245901639344,25,55,21,84,0.3125,0.6875,0.2,0.8
1031,AMCI,0.26229508196721313,33,24,21,8,0.5789473684210527,0.42105263157894735,0.7241379310344828,0.27586206896551724
1032,AMBA,0.6363636363636364,20,63,25,77,0.24096385542168675,0.7590361445783133,0.24509803921568626,0.7549019607843137
1033,AMRH,0.38016528925619836,87,38,37,23,0.696,0.304,0.6166666666666667,0.38333333333333336
1034,AMN,0.6772908366533864,19,65,16,85,0.2261904761904762,0.7738095238095238,0.15841584158415842,0.8415841584158416
1035,AMRB,0.0,101,0,73,0,1.0,0.0,1.0,0.0
1036,AMS,0.35200000000000004,78,31,50,22,0.7155963302752294,0.28440366972477066,0.6944444444444444,0.3055555555555556
1037,AN,0.36486486486486486,64,24,70,27,0.7272727272727273,0.2727272727272727,0.7216494845360825,0.27835051546391754
1038,AMX,0.5154639175257733,41,59,35,50,0.41,0.59,0.4117647058823529,0.5882352941176471
1039,ANIX,0.0,112,0,73,0,1.0,0.0,1.0,0.0
1040,APA,0.5185185185185186,45,54,37,49,0.45454545454545453,0.5454545454545454,0.43023255813953487,0.5697674418604651
1041,APD,0.5428571428571428,32,53,43,57,0.3764705882352941,0.6235294117647059,0.43,0.57
1042,ANSS,0.6785714285714285,0,90,0,95,0.0,1.0,0.0,1.0
1043,AON,0.6778242677824268,27,54,23,81,0.3333333333333333,0.6666666666666666,0.22115384615384615,0.7788461538461539
1044,APO,0.7017543859649124,0,85,0,100,0.0,1.0,0.0,1.0
1045,ARKR,0.0,106,1,71,0,0.9906542056074766,0.009345794392523364,1.0,0.0
1046,ARNC,0.6320346320346321,27,62,23,73,0.30337078651685395,0.6966292134831461,0.23958333333333334,0.7604166666666666
1047,APOG,0.6496350364963505,0,96,0,89,0.0,1.0,0.0,1.0
1048,ARE,0.5769230769230769,37,50,38,60,0.42528735632183906,0.5747126436781609,0.3877551020408163,0.6122448979591837
1049,ARI,0.6594202898550725,0,94,0,91,0.0,1.0,0.0,1.0
1050,APEI,0.6296296296296297,0,100,0,85,0.0,1.0,0.0,1.0
1051,ARCO,0.0,94,0,91,0,1.0,0.0,1.0,0.0
1052,APRN,0.0,107,0,78,0,1.0,0.0,1.0,0.0
1053,APM,0.609271523178808,0,59,0,46,0.0,1.0,0.0,1.0
1054,APEN,0.0,110,0,75,0,1.0,0.0,1.0,0.0
1055,APPF,0.3116883116883117,55,30,76,24,0.6470588235294118,0.35294117647058826,0.76,0.24
1056,ASR,0.47513812154696133,47,47,48,43,0.5,0.5,0.5274725274725275,0.4725274725274725
1057,ARYAU,0.0,34,0,12,0,1.0,0.0,1.0,0.0
1058,ASA,0.5482233502538071,42,44,45,54,0.4883720930232558,0.5116279069767442,0.45454545454545453,0.5454545454545454
1059,ASTE,0.6925795053003534,0,87,0,98,0.0,1.0,0.0,1.0
1060,AROW,0.4808743169398907,46,45,50,44,0.5054945054945055,0.4945054945054945,0.5319148936170213,0.46808510638297873
1061,ASH,0.6971830985915494,0,86,0,99,0.0,1.0,0.0,1.0
1062,ASPS,0.0,92,0,93,0,1.0,0.0,1.0,0.0
1063,ASB,0.35135135135135137,63,32,64,26,0.6631578947368421,0.3368421052631579,0.7111111111111111,0.28888888888888886
1064,ASM,0.09195402298850575,102,21,58,4,0.8292682926829268,0.17073170731707318,0.9354838709677419,0.06451612903225806
1065,ATXI,0.0,96,0,89,0,1.0,0.0,1.0,0.0
1066,AVID,0.5154639175257733,41,56,38,50,0.422680412371134,0.5773195876288659,0.4318181818181818,0.5681818181818182
1067,AVAL,0.0,94,0,91,0,1.0,0.0,1.0,0.0
1068,AVT,0.0,96,0,89,0,1.0,0.0,1.0,0.0
1069,AUBN,0.6382978723404255,21,66,19,75,0.2413793103448276,0.7586206896551724,0.20212765957446807,0.7978723404255319
1070,AWR,0.5445544554455446,38,43,49,55,0.4691358024691358,0.5308641975308642,0.47115384615384615,0.5288461538461539
1071,ATNX (3),0.5482233502538071,42,54,35,54,0.4375,0.5625,0.39325842696629215,0.6067415730337079
1072,AUDC,0.5028571428571429,54,33,54,44,0.6206896551724138,0.3793103448275862,0.5510204081632653,0.4489795918367347
1073,ATNX (2),0.5482233502538071,42,54,35,54,0.4375,0.5625,0.39325842696629215,0.6067415730337079
1074,ATRO,0.48958333333333326,40,66,32,47,0.37735849056603776,0.6226415094339622,0.4050632911392405,0.5949367088607594
1075,AWF,0.6738351254480287,0,91,0,94,0.0,1.0,0.0,1.0
1076,ATOS,0.0,110,0,75,0,1.0,0.0,1.0,0.0
1077,ATNX (1),0.4216867469879518,54,42,54,35,0.5625,0.4375,0.6067415730337079,0.39325842696629215
1078,ATNX,0.4216867469879518,54,42,54,35,0.5625,0.4375,0.6067415730337079,0.39325842696629215
1079,AVXL,0.0,100,0,85,0,1.0,0.0,1.0,0.0
1080,AVGOP,0.2,14,5,11,2,0.7368421052631579,0.2631578947368421,0.8461538461538461,0.15384615384615385
1081,AVRO,0.40625,35,39,37,26,0.47297297297297297,0.527027027027027,0.5873015873015873,0.4126984126984127
1082,BA,0.5700934579439253,32,67,25,61,0.32323232323232326,0.6767676767676768,0.29069767441860467,0.7093023255813954
1083,AWX,0.0,108,0,73,0,1.0,0.0,1.0,0.0
1084,AY,0.0,75,0,110,0,1.0,0.0,1.0,0.0
1085,BAF,0.5405405405405406,23,68,34,60,0.25274725274725274,0.7472527472527473,0.3617021276595745,0.6382978723404256
1086,AYI,0.6772908366533864,19,72,9,85,0.2087912087912088,0.7912087912087912,0.09574468085106383,0.9042553191489362
1087,BANR,0.0,95,0,90,0,1.0,0.0,1.0,0.0
1088,AX,0.0,87,0,98,0,1.0,0.0,1.0,0.0
1089,AXP,0.6594202898550725,0,94,0,91,0.0,1.0,0.0,1.0
1090,BBK,0.5689655172413793,19,68,32,66,0.21839080459770116,0.7816091954022989,0.32653061224489793,0.673469387755102
1091,BBX,0.0,108,0,77,0,1.0,0.0,1.0,0.0
1092,BBD,0.5154639175257733,41,60,34,50,0.40594059405940597,0.594059405940594,0.40476190476190477,0.5952380952380952
1093,BCOM,0.0,106,0,61,0,1.0,0.0,1.0,0.0
1094,BBN,0.46511627906976744,53,31,61,40,0.6309523809523809,0.36904761904761907,0.6039603960396039,0.39603960396039606
1095,BAX,0.7017543859649124,0,85,0,100,0.0,1.0,0.0,1.0
1096,BCX,0.30666666666666664,58,36,68,23,0.6170212765957447,0.3829787234042553,0.7472527472527473,0.25274725274725274
1097,BB,0.0,99,0,86,0,1.0,0.0,1.0,0.0
1098,BCOW,0.046511627906976744,45,1,40,1,0.9782608695652174,0.021739130434782608,0.975609756097561,0.024390243902439025
1099,BCPC,0.5581395348837209,30,60,35,60,0.3333333333333333,0.6666666666666666,0.3684210526315789,0.631578947368421
1100,BBDC,0.5816733067729083,7,93,12,73,0.07,0.93,0.1411764705882353,0.8588235294117647
1101,BCOV,0.509090909090909,62,39,42,42,0.6138613861386139,0.38613861386138615,0.5,0.5
1102,BGY,0.0,91,0,94,0,1.0,0.0,1.0,0.0
1103,BEDU,0.5333333333333334,42,61,30,52,0.4077669902912621,0.5922330097087378,0.36585365853658536,0.6341463414634146
1104,BGIO,0.6033057851239669,16,81,15,73,0.16494845360824742,0.8350515463917526,0.17045454545454544,0.8295454545454546
1105,BDCZ,0.26666666666666666,29,6,27,6,0.8285714285714286,0.17142857142857143,0.8181818181818182,0.18181818181818182
1106,BGH,0.4528301886792453,62,32,55,36,0.6595744680851063,0.3404255319148936,0.6043956043956044,0.3956043956043956
1107,BDGE,0.49214659685863876,41,55,42,47,0.4270833333333333,0.5729166666666666,0.47191011235955055,0.5280898876404494
1108,BFC,0.0,75,3,78,0,0.9615384615384616,0.038461538461538464,1.0,0.0
1109,BHK,0.4468085106382979,39,47,57,42,0.45348837209302323,0.5465116279069767,0.5757575757575758,0.42424242424242425
1110,BFRA,0.0,63,0,31,0,1.0,0.0,1.0,0.0
1111,BELFB,0.6496350364963505,0,96,0,89,0.0,1.0,0.0,1.0
1112,BDL,0.12000000000000001,82,2,42,3,0.9761904761904762,0.023809523809523808,0.9333333333333333,0.06666666666666667
1113,BFST,0.2474226804123711,69,15,58,12,0.8214285714285714,0.17857142857142858,0.8285714285714286,0.17142857142857143
1114,BHVN,0.4948453608247423,39,55,43,48,0.4148936170212766,0.5851063829787234,0.4725274725274725,0.5274725274725275
1115,BKH,0.2836879432624113,64,18,83,20,0.7804878048780488,0.21951219512195122,0.8058252427184466,0.1941747572815534
1116,BK,0.44047619047619047,54,35,59,37,0.6067415730337079,0.39325842696629215,0.6145833333333334,0.3854166666666667
1117,BIP,0.3878787878787878,52,26,75,32,0.6666666666666666,0.3333333333333333,0.7009345794392523,0.29906542056074764
1118,BIT,0.0,94,0,91,0,1.0,0.0,1.0,0.0
1119,BLFS,0.37086092715231783,62,31,64,28,0.6666666666666666,0.3333333333333333,0.6956521739130435,0.30434782608695654
1120,BHTG,0.6030534351145038,2,104,0,79,0.018867924528301886,0.9811320754716981,0.0,1.0
1121,BHP,0.6397058823529411,0,98,0,87,0.0,1.0,0.0,1.0
1122,BNKD,0.0,28,0,32,0,1.0,0.0,1.0,0.0
1123,BLU,0.6642335766423358,0,92,0,91,0.0,1.0,0.0,1.0
1124,BPOP,0.3971631205673759,72,23,62,28,0.7578947368421053,0.24210526315789474,0.6888888888888889,0.3111111111111111
1125,BOSC,0.5761316872427983,12,94,9,70,0.11320754716981132,0.8867924528301887,0.11392405063291139,0.8860759493670886
1126,BP,0.44047619047619047,54,50,44,37,0.5192307692307693,0.4807692307692308,0.5432098765432098,0.4567901234567901
1127,BNKU,0.4,19,16,14,10,0.5428571428571428,0.45714285714285713,0.5833333333333334,0.4166666666666667
